pathway,pathway_label,market_code,market_group,market_depth,n_30d,eligible_n_30d,eligible_observed_n_30d,eligible_proxy_n_30d,eligibility_uncertain_n_30d,evaluable_eligible_n_30d,censored_before_window_n_30d,initiated_n_30d,eligible_but_not_initiated_n_30d,initiation_rate_30d,treatment_gap_30d,wilson_95_lower_30d,wilson_95_upper_30d,non_intensified_n_30d,non_intensified_rate_30d,follow_up_adequacy_30d,missingness_rate_30d,confidence_category_30d,actionability_30d,conclusion_type_30d,initiation_event_type_30d,n_60d,eligible_n_60d,eligible_observed_n_60d,eligible_proxy_n_60d,eligibility_uncertain_n_60d,evaluable_eligible_n_60d,censored_before_window_n_60d,initiated_n_60d,eligible_but_not_initiated_n_60d,initiation_rate_60d,treatment_gap_60d,wilson_95_lower_60d,wilson_95_upper_60d,non_intensified_n_60d,non_intensified_rate_60d,follow_up_adequacy_60d,missingness_rate_60d,confidence_category_60d,actionability_60d,conclusion_type_60d,initiation_event_type_60d,n_90d,eligible_n_90d,eligible_observed_n_90d,eligible_proxy_n_90d,eligibility_uncertain_n_90d,evaluable_eligible_n_90d,censored_before_window_n_90d,initiated_n_90d,eligible_but_not_initiated_n_90d,initiation_rate_90d,treatment_gap_90d,wilson_95_lower_90d,wilson_95_upper_90d,non_intensified_n_90d,non_intensified_rate_90d,follow_up_adequacy_90d,missingness_rate_90d,confidence_category_90d,actionability_90d,conclusion_type_90d,initiation_event_type_90d
mhspc_mcspc,mHSPC/mCSPC,ALL,ALL,all,2369,2281,2281,0,0,2281,0,275,2006,0.12056115738711091,0.8794388426128891,0.10783225290274465,0.1345659947482085,69.0,0.2509090909090909,1.0,0.0,HIGH,ACTIONABLE_DESCRIPTIVE,DESCRIPTIVE,treatment_initiation,2369,2281,2281,0,0,2281,0,1255,1026,0.5501972818939062,0.44980271810609385,0.5297142062511541,0.57051155994638,289.0,0.2302788844621514,1.0,0.0,HIGH,ACTIONABLE_DESCRIPTIVE,DESCRIPTIVE,treatment_initiation,2369,2281,2281,0,0,2281,0,1700,581,0.7452871547566856,0.2547128452433144,0.7270044800447014,0.7627450063091884,379.0,0.22294117647058823,1.0,0.0,HIGH,ACTIONABLE_DESCRIPTIVE,DESCRIPTIVE,treatment_initiation
mhspc_mcspc,mHSPC/mCSPC,US,Deep,deep,705,675,675,0,0,675,0,84,591,0.12444444444444444,0.8755555555555555,0.10164753412261282,0.1514919316968066,19.0,0.2261904761904762,1.0,0.0,HIGH,ACTIONABLE_DESCRIPTIVE,DESCRIPTIVE,treatment_initiation,705,675,675,0,0,675,0,350,325,0.5185185185185185,0.4814814814814815,0.4808260460953984,0.5560013964184369,84.0,0.24,1.0,0.0,HIGH,ACTIONABLE_DESCRIPTIVE,DESCRIPTIVE,treatment_initiation,705,675,675,0,0,675,0,511,164,0.7570370370370371,0.24296296296296294,0.7232869965861486,0.787877905505886,121.0,0.23679060665362034,1.0,0.0,HIGH,ACTIONABLE_DESCRIPTIVE,DESCRIPTIVE,treatment_initiation
mhspc_mcspc,mHSPC/mCSPC,DE,Deep,deep,396,385,385,0,0,385,0,47,338,0.12207792207792208,0.8779220779220779,0.0930582298420523,0.158565053263459,11.0,0.23404255319148937,1.0,0.0,HIGH,ACTIONABLE_DESCRIPTIVE,DESCRIPTIVE,treatment_initiation,396,385,385,0,0,385,0,261,124,0.6779220779220779,0.3220779220779221,0.6296859083608384,0.7226426490774605,62.0,0.23754789272030652,1.0,0.0,HIGH,ACTIONABLE_DESCRIPTIVE,DESCRIPTIVE,treatment_initiation,396,385,385,0,0,385,0,309,76,0.8025974025974026,0.19740259740259736,0.7599315437310059,0.8392841780436191,66.0,0.21359223300970873,1.0,0.0,HIGH,ACTIONABLE_DESCRIPTIVE,DESCRIPTIVE,treatment_initiation
mhspc_mcspc,mHSPC/mCSPC,JP,Deep,deep,351,342,342,0,0,342,0,70,272,0.2046783625730994,0.7953216374269005,0.16530935169368283,0.2506082244452201,19.0,0.2714285714285714,1.0,0.0,HIGH,ACTIONABLE_DESCRIPTIVE,DESCRIPTIVE,treatment_initiation,351,342,342,0,0,342,0,273,69,0.7982456140350878,0.20175438596491224,0.7525073649198304,0.8373580532369211,60.0,0.21978021978021978,1.0,0.0,HIGH,ACTIONABLE_DESCRIPTIVE,DESCRIPTIVE,treatment_initiation,351,342,342,0,0,342,0,288,54,0.8421052631578947,0.1578947368421053,0.7996864990492724,0.8769238335422954,62.0,0.2152777777777778,1.0,0.0,HIGH,ACTIONABLE_DESCRIPTIVE,DESCRIPTIVE,treatment_initiation
mhspc_mcspc,mHSPC/mCSPC,FR,Scan,scan,232,222,222,0,0,222,0,27,195,0.12162162162162163,0.8783783783783784,0.08494621685811629,0.1711695740324902,9.0,0.3333333333333333,1.0,0.0,MEDIUM,DIRECTIONAL_ONLY,DESCRIPTIVE,treatment_initiation,232,222,222,0,0,222,0,127,95,0.5720720720720721,0.4279279279279279,0.50630400659589,0.6353882237106613,29.0,0.2283464566929134,1.0,0.0,MEDIUM,DIRECTIONAL_ONLY,DESCRIPTIVE,treatment_initiation,232,222,222,0,0,222,0,183,39,0.8243243243243243,0.17567567567567566,0.7688701695419131,0.868744866837567,45.0,0.2459016393442623,1.0,0.0,MEDIUM,DIRECTIONAL_ONLY,DESCRIPTIVE,treatment_initiation
mhspc_mcspc,mHSPC/mCSPC,CN,Scan,scan,393,379,379,0,0,379,0,26,353,0.06860158311345646,0.9313984168865436,0.04724203506003305,0.09861881182807941,5.0,0.19230769230769232,1.0,0.0,MEDIUM,DIRECTIONAL_ONLY,DESCRIPTIVE,treatment_initiation,393,379,379,0,0,379,0,116,263,0.30606860158311344,0.6939313984168866,0.2618084563843292,0.35422073166629015,27.0,0.23275862068965517,1.0,0.0,MEDIUM,DIRECTIONAL_ONLY,DESCRIPTIVE,treatment_initiation,393,379,379,0,0,379,0,206,173,0.5435356200527705,0.45646437994722955,0.49320105549389176,0.5929964737192346,44.0,0.21359223300970873,1.0,0.0,MEDIUM,DIRECTIONAL_ONLY,DESCRIPTIVE,treatment_initiation
mhspc_mcspc,mHSPC/mCSPC,AU,Scan,scan,119,113,113,0,0,113,0,10,103,0.08849557522123894,0.911504424778761,0.04877885362602272,0.15527175848473238,3.0,0.3,1.0,0.0,MEDIUM,DIRECTIONAL_ONLY,DESCRIPTIVE,treatment_initiation,119,113,113,0,0,113,0,63,50,0.5575221238938053,0.4424778761061947,0.46555055620499053,0.6457111861881296,16.0,0.25396825396825395,1.0,0.0,MEDIUM,DIRECTIONAL_ONLY,DESCRIPTIVE,treatment_initiation,119,113,113,0,0,113,0,90,23,0.7964601769911505,0.20353982300884954,0.7130582204818585,0.8603676826211459,19.0,0.2111111111111111,1.0,0.0,MEDIUM,DIRECTIONAL_ONLY,DESCRIPTIVE,treatment_initiation
mhspc_mcspc,mHSPC/mCSPC,CA,Scan,scan,173,165,165,0,0,165,0,11,154,0.06666666666666667,0.9333333333333333,0.03762973233775169,0.11542259599839294,3.0,0.2727272727272727,1.0,0.0,MEDIUM,DIRECTIONAL_ONLY,DESCRIPTIVE,treatment_initiation,173,165,165,0,0,165,0,65,100,0.3939393939393939,0.6060606060606061,0.32260939942166716,0.4700957159053611,11.0,0.16923076923076924,1.0,0.0,MEDIUM,DIRECTIONAL_ONLY,DESCRIPTIVE,treatment_initiation,173,165,165,0,0,165,0,113,52,0.6848484848484848,0.3151515151515152,0.6104399452673452,0.7508454251626908,22.0,0.19469026548672566,1.0,0.0,MEDIUM,DIRECTIONAL_ONLY,DESCRIPTIVE,treatment_initiation
nmcrpc,nmCRPC,ALL,ALL,all,0,0,0,0,0,0,0,0,0,,,,,,,,,NOT COMPUTABLE,NOT_COMPUTABLE,NOT COMPUTABLE,not_computable,0,0,0,0,0,0,0,0,0,,,,,,,,,NOT COMPUTABLE,NOT_COMPUTABLE,NOT COMPUTABLE,not_computable,0,0,0,0,0,0,0,0,0,,,,,,,,,NOT COMPUTABLE,NOT_COMPUTABLE,NOT COMPUTABLE,not_computable
nmcrpc,nmCRPC,US,Deep,deep,0,0,0,0,0,0,0,0,0,,,,,,,,,NOT COMPUTABLE,NOT_COMPUTABLE,NOT COMPUTABLE,not_computable,0,0,0,0,0,0,0,0,0,,,,,,,,,NOT COMPUTABLE,NOT_COMPUTABLE,NOT COMPUTABLE,not_computable,0,0,0,0,0,0,0,0,0,,,,,,,,,NOT COMPUTABLE,NOT_COMPUTABLE,NOT COMPUTABLE,not_computable
nmcrpc,nmCRPC,DE,Deep,deep,0,0,0,0,0,0,0,0,0,,,,,,,,,NOT COMPUTABLE,NOT_COMPUTABLE,NOT COMPUTABLE,not_computable,0,0,0,0,0,0,0,0,0,,,,,,,,,NOT COMPUTABLE,NOT_COMPUTABLE,NOT COMPUTABLE,not_computable,0,0,0,0,0,0,0,0,0,,,,,,,,,NOT COMPUTABLE,NOT_COMPUTABLE,NOT COMPUTABLE,not_computable
nmcrpc,nmCRPC,JP,Deep,deep,0,0,0,0,0,0,0,0,0,,,,,,,,,NOT COMPUTABLE,NOT_COMPUTABLE,NOT COMPUTABLE,not_computable,0,0,0,0,0,0,0,0,0,,,,,,,,,NOT COMPUTABLE,NOT_COMPUTABLE,NOT COMPUTABLE,not_computable,0,0,0,0,0,0,0,0,0,,,,,,,,,NOT COMPUTABLE,NOT_COMPUTABLE,NOT COMPUTABLE,not_computable
nmcrpc,nmCRPC,FR,Scan,scan,0,0,0,0,0,0,0,0,0,,,,,,,,,NOT COMPUTABLE,NOT_COMPUTABLE,NOT COMPUTABLE,not_computable,0,0,0,0,0,0,0,0,0,,,,,,,,,NOT COMPUTABLE,NOT_COMPUTABLE,NOT COMPUTABLE,not_computable,0,0,0,0,0,0,0,0,0,,,,,,,,,NOT COMPUTABLE,NOT_COMPUTABLE,NOT COMPUTABLE,not_computable
nmcrpc,nmCRPC,CN,Scan,scan,0,0,0,0,0,0,0,0,0,,,,,,,,,NOT COMPUTABLE,NOT_COMPUTABLE,NOT COMPUTABLE,not_computable,0,0,0,0,0,0,0,0,0,,,,,,,,,NOT COMPUTABLE,NOT_COMPUTABLE,NOT COMPUTABLE,not_computable,0,0,0,0,0,0,0,0,0,,,,,,,,,NOT COMPUTABLE,NOT_COMPUTABLE,NOT COMPUTABLE,not_computable
nmcrpc,nmCRPC,AU,Scan,scan,0,0,0,0,0,0,0,0,0,,,,,,,,,NOT COMPUTABLE,NOT_COMPUTABLE,NOT COMPUTABLE,not_computable,0,0,0,0,0,0,0,0,0,,,,,,,,,NOT COMPUTABLE,NOT_COMPUTABLE,NOT COMPUTABLE,not_computable,0,0,0,0,0,0,0,0,0,,,,,,,,,NOT COMPUTABLE,NOT_COMPUTABLE,NOT COMPUTABLE,not_computable
nmcrpc,nmCRPC,CA,Scan,scan,0,0,0,0,0,0,0,0,0,,,,,,,,,NOT COMPUTABLE,NOT_COMPUTABLE,NOT COMPUTABLE,not_computable,0,0,0,0,0,0,0,0,0,,,,,,,,,NOT COMPUTABLE,NOT_COMPUTABLE,NOT COMPUTABLE,not_computable,0,0,0,0,0,0,0,0,0,,,,,,,,,NOT COMPUTABLE,NOT_COMPUTABLE,NOT COMPUTABLE,not_computable
mcrpc,mCRPC,ALL,ALL,all,362,346,0,346,0,341,5,2,339,0.005865102639296188,0.9941348973607038,0.0016098652836885469,0.021129850574258983,,,0.9855491329479769,0.0,LOW,DIRECTIONAL_ONLY,PROXY-BASED,treatment_initiation,362,346,0,346,0,337,9,2,335,0.005934718100890208,0.9940652818991098,0.001628991241610667,0.021377590114655703,,,0.9739884393063584,0.0,LOW,DIRECTIONAL_ONLY,PROXY-BASED,treatment_initiation,362,346,0,346,0,332,14,3,329,0.009036144578313253,0.9909638554216867,0.0030777145017795333,0.026226576568772777,,,0.9595375722543352,0.0,LOW,DIRECTIONAL_ONLY,PROXY-BASED,treatment_initiation
mcrpc,mCRPC,US,Deep,deep,120,113,0,113,0,110,3,2,108,0.01818181818181818,0.9818181818181818,0.005000250085743785,0.06388142410014258,,,0.9734513274336283,0.0,LOW,DIRECTIONAL_ONLY,PROXY-BASED,treatment_initiation,120,113,0,113,0,110,3,2,108,0.01818181818181818,0.9818181818181818,0.005000250085743785,0.06388142410014258,,,0.9734513274336283,0.0,LOW,DIRECTIONAL_ONLY,PROXY-BASED,treatment_initiation,120,113,0,113,0,109,4,2,107,0.01834862385321101,0.981651376146789,0.0050462566124631555,0.06444584559097954,,,0.9646017699115044,0.0,LOW,DIRECTIONAL_ONLY,PROXY-BASED,treatment_initiation
mcrpc,mCRPC,DE,Deep,deep,56,55,0,55,0,53,2,0,53,0.0,1.0,0.0,0.06758430445307662,,,0.9636363636363636,0.0,LOW,DIRECTIONAL_ONLY,PROXY-BASED,treatment_initiation,56,55,0,55,0,51,4,0,51,0.0,1.0,0.0,0.07004901388726806,,,0.9272727272727272,0.0,LOW,DIRECTIONAL_ONLY,PROXY-BASED,treatment_initiation,56,55,0,55,0,50,5,0,50,0.0,1.0,0.0,0.07135003417431873,,,0.9090909090909091,0.0,LOW,DIRECTIONAL_ONLY,PROXY-BASED,treatment_initiation
mcrpc,mCRPC,JP,Deep,deep,51,51,0,51,0,51,0,0,51,0.0,1.0,0.0,0.07004901388726806,,,1.0,0.0,LOW,DIRECTIONAL_ONLY,PROXY-BASED,treatment_initiation,51,51,0,51,0,49,2,0,49,0.0,1.0,0.0,0.07270029673590504,,,0.9607843137254902,0.0,LOW,DIRECTIONAL_ONLY,PROXY-BASED,treatment_initiation,51,51,0,51,0,48,3,0,48,0.0,1.0,0.0,0.0741026511527422,,,0.9411764705882353,0.0,LOW,DIRECTIONAL_ONLY,PROXY-BASED,treatment_initiation
mcrpc,mCRPC,FR,Scan,scan,30,28,0,28,0,28,0,0,28,0.0,1.0,0.0,0.12064720365810762,,,1.0,0.0,LOW,TOO_SMALL,PROXY-BASED,treatment_initiation,30,28,0,28,0,28,0,0,28,0.0,1.0,0.0,0.12064720365810762,,,1.0,0.0,LOW,TOO_SMALL,PROXY-BASED,treatment_initiation,30,28,0,28,0,28,0,0,28,0.0,1.0,0.0,0.12064720365810762,,,1.0,0.0,LOW,TOO_SMALL,PROXY-BASED,treatment_initiation
mcrpc,mCRPC,CN,Scan,scan,53,51,0,51,0,51,0,0,51,0.0,1.0,0.0,0.07004901388726806,,,1.0,0.0,LOW,DIRECTIONAL_ONLY,PROXY-BASED,treatment_initiation,53,51,0,51,0,51,0,0,51,0.0,1.0,0.0,0.07004901388726806,,,1.0,0.0,LOW,DIRECTIONAL_ONLY,PROXY-BASED,treatment_initiation,53,51,0,51,0,51,0,1,50,0.0196078431372549,0.9803921568627451,0.003469603253442241,0.10304807675589372,,,1.0,0.0,LOW,DIRECTIONAL_ONLY,PROXY-BASED,treatment_initiation
mcrpc,mCRPC,AU,Scan,scan,24,22,0,22,0,22,0,0,22,0.0,1.0,1.3877787807814457e-17,0.14865952572596125,,,1.0,0.0,LOW,TOO_SMALL,PROXY-BASED,treatment_initiation,24,22,0,22,0,22,0,0,22,0.0,1.0,1.3877787807814457e-17,0.14865952572596125,,,1.0,0.0,LOW,TOO_SMALL,PROXY-BASED,treatment_initiation,24,22,0,22,0,21,1,0,21,0.0,1.0,0.0,0.15464382326420195,,,0.9545454545454546,0.0,LOW,TOO_SMALL,PROXY-BASED,treatment_initiation
mcrpc,mCRPC,CA,Scan,scan,28,26,0,26,0,26,0,0,26,0.0,1.0,0.0,0.12873304380462175,,,1.0,0.0,LOW,TOO_SMALL,PROXY-BASED,treatment_initiation,28,26,0,26,0,26,0,0,26,0.0,1.0,0.0,0.12873304380462175,,,1.0,0.0,LOW,TOO_SMALL,PROXY-BASED,treatment_initiation,28,26,0,26,0,25,1,0,25,0.0,1.0,0.0,0.13319649395317873,,,0.9615384615384616,0.0,LOW,TOO_SMALL,PROXY-BASED,treatment_initiation
active_surveillance,Active surveillance uptake,ALL,ALL,all,5055,3367,3367,0,0,3367,0,634,2733,0.18829818829818828,0.8117018117018118,0.1754506382176543,0.20185620408546665,,,1.0,0.0,MEDIUM,DIRECTIONAL_ONLY,PROXY-BASED,active_surveillance_uptake,5055,3367,3367,0,0,3367,0,1738,1629,0.5161865161865162,0.48381348381348377,0.4992975102303802,0.5330386280206728,,,1.0,0.0,MEDIUM,DIRECTIONAL_ONLY,PROXY-BASED,active_surveillance_uptake,5055,3367,3367,0,0,3367,0,1738,1629,0.5161865161865162,0.48381348381348377,0.4992975102303802,0.5330386280206728,,,1.0,0.0,MEDIUM,DIRECTIONAL_ONLY,PROXY-BASED,active_surveillance_uptake
active_surveillance,Active surveillance uptake,US,Deep,deep,1217,823,823,0,0,823,0,135,688,0.16403402187120292,0.8359659781287971,0.1403057607238123,0.19088415521655644,,,1.0,0.0,MEDIUM,DIRECTIONAL_ONLY,PROXY-BASED,active_surveillance_uptake,1217,823,823,0,0,823,0,429,394,0.5212636695018226,0.47873633049817743,0.48711436288675963,0.5552153892689131,,,1.0,0.0,MEDIUM,DIRECTIONAL_ONLY,PROXY-BASED,active_surveillance_uptake,1217,823,823,0,0,823,0,429,394,0.5212636695018226,0.47873633049817743,0.48711436288675963,0.5552153892689131,,,1.0,0.0,MEDIUM,DIRECTIONAL_ONLY,PROXY-BASED,active_surveillance_uptake
active_surveillance,Active surveillance uptake,DE,Deep,deep,955,651,651,0,0,651,0,140,511,0.21505376344086022,0.7849462365591398,0.18521213153623783,0.2482386449568867,,,1.0,0.0,MEDIUM,DIRECTIONAL_ONLY,PROXY-BASED,active_surveillance_uptake,955,651,651,0,0,651,0,380,271,0.5837173579109063,0.4162826420890937,0.545467263937159,0.6209852033465321,,,1.0,0.0,MEDIUM,DIRECTIONAL_ONLY,PROXY-BASED,active_surveillance_uptake,955,651,651,0,0,651,0,380,271,0.5837173579109063,0.4162826420890937,0.545467263937159,0.6209852033465321,,,1.0,0.0,MEDIUM,DIRECTIONAL_ONLY,PROXY-BASED,active_surveillance_uptake
active_surveillance,Active surveillance uptake,JP,Deep,deep,909,628,628,0,0,628,0,118,510,0.18789808917197454,0.8121019108280254,0.15927742443053067,0.2203139161839524,,,1.0,0.0,MEDIUM,DIRECTIONAL_ONLY,PROXY-BASED,active_surveillance_uptake,909,628,628,0,0,628,0,290,338,0.46178343949044587,0.5382165605095541,0.4231419578003123,0.5008896349279917,,,1.0,0.0,MEDIUM,DIRECTIONAL_ONLY,PROXY-BASED,active_surveillance_uptake,909,628,628,0,0,628,0,290,338,0.46178343949044587,0.5382165605095541,0.4231419578003123,0.5008896349279917,,,1.0,0.0,MEDIUM,DIRECTIONAL_ONLY,PROXY-BASED,active_surveillance_uptake
active_surveillance,Active surveillance uptake,FR,Scan,scan,592,386,386,0,0,386,0,82,304,0.21243523316062177,0.7875647668393783,0.17456624778492635,0.25597169377903195,,,1.0,0.0,MEDIUM,DIRECTIONAL_ONLY,PROXY-BASED,active_surveillance_uptake,592,386,386,0,0,386,0,203,183,0.5259067357512953,0.4740932642487047,0.47608314686018127,0.5752197412872099,,,1.0,0.0,MEDIUM,DIRECTIONAL_ONLY,PROXY-BASED,active_surveillance_uptake,592,386,386,0,0,386,0,203,183,0.5259067357512953,0.4740932642487047,0.47608314686018127,0.5752197412872099,,,1.0,0.0,MEDIUM,DIRECTIONAL_ONLY,PROXY-BASED,active_surveillance_uptake
active_surveillance,Active surveillance uptake,CN,Scan,scan,429,271,271,0,0,271,0,32,239,0.11808118081180811,0.8819188191881919,0.08489560547313352,0.1619433010097279,,,1.0,0.0,MEDIUM,DIRECTIONAL_ONLY,PROXY-BASED,active_surveillance_uptake,429,271,271,0,0,271,0,86,185,0.3173431734317343,0.6826568265682658,0.2648094567987965,0.3749830636930068,,,1.0,0.0,MEDIUM,DIRECTIONAL_ONLY,PROXY-BASED,active_surveillance_uptake,429,271,271,0,0,271,0,86,185,0.3173431734317343,0.6826568265682658,0.2648094567987965,0.3749830636930068,,,1.0,0.0,MEDIUM,DIRECTIONAL_ONLY,PROXY-BASED,active_surveillance_uptake
active_surveillance,Active surveillance uptake,AU,Scan,scan,476,311,311,0,0,311,0,68,243,0.21864951768488747,0.7813504823151125,0.1762966053156098,0.2678683334980667,,,1.0,0.0,MEDIUM,DIRECTIONAL_ONLY,PROXY-BASED,active_surveillance_uptake,476,311,311,0,0,311,0,178,133,0.572347266881029,0.427652733118971,0.5168079723264534,0.6261210434071729,,,1.0,0.0,MEDIUM,DIRECTIONAL_ONLY,PROXY-BASED,active_surveillance_uptake,476,311,311,0,0,311,0,178,133,0.572347266881029,0.427652733118971,0.5168079723264534,0.6261210434071729,,,1.0,0.0,MEDIUM,DIRECTIONAL_ONLY,PROXY-BASED,active_surveillance_uptake
active_surveillance,Active surveillance uptake,CA,Scan,scan,477,297,297,0,0,297,0,59,238,0.19865319865319866,0.8013468013468014,0.1572509765125369,0.24775152314176624,,,1.0,0.0,MEDIUM,DIRECTIONAL_ONLY,PROXY-BASED,active_surveillance_uptake,477,297,297,0,0,297,0,172,125,0.5791245791245792,0.42087542087542085,0.5223158774687234,0.6339125164767948,,,1.0,0.0,MEDIUM,DIRECTIONAL_ONLY,PROXY-BASED,active_surveillance_uptake,477,297,297,0,0,297,0,172,125,0.5791245791245792,0.42087542087542085,0.5223158774687234,0.6339125164767948,,,1.0,0.0,MEDIUM,DIRECTIONAL_ONLY,PROXY-BASED,active_surveillance_uptake
