check_id,severity,domain,table_name,check_name,status,affected_records,denominator,affected_rate,observed,expected,analysis_impact
POST_CENSOR_ADVERSE_EVENT,P0,censoring,adverse_event,adverse_event_date is on/before patient censor date,PASS,0,439,0.0,events after censor=0,0 clinically relevant events after censor,Post-censor events introduce immortal-time and chronology errors.
POST_CENSOR_DIAGNOSIS,P0,censoring,diagnosis,diagnosis_date is on/before patient censor date,PASS,0,10000,0.0,events after censor=0,0 clinically relevant events after censor,Post-censor events introduce immortal-time and chronology errors.
POST_CENSOR_DISEASE_STATE_EVENT,P0,censoring,disease_state_event,state_date is on/before patient censor date,PASS,0,10177,0.0,events after censor=0,0 clinically relevant events after censor,Post-censor events introduce immortal-time and chronology errors.
POST_CENSOR_ENCOUNTER,P0,censoring,encounter,encounter_date is on/before patient censor date,PASS,0,76819,0.0,events after censor=0,0 clinically relevant events after censor,Post-censor events introduce immortal-time and chronology errors.
CENSOR_RECONSTRUCTION,P0,censoring,observation,"censor date is min(death, LTFU, administrative end)",PASS,0,10000,0.0,mismatches=0,0 reconstructed censor mismatches,Incorrect censoring biases initiation and persistence denominators.
DATASET_END_NOT_DISCONTINUATION,P0,censoring,patient_journey,administrative dataset end is not an explicit discontinuation,PASS,0,10000,0.0,administrative-end discontinuinations=0,0 administrative end dates labelled as explicit discontinuation,Dataset end must remain right censoring rather than an outcome event.
PERSISTENCE_12M_FOLLOWUP,P0,censoring,patient_journey,12-month persistent requires complete 12-month observation,PASS,0,970,0.0,persistent with insufficient follow-up=0,0 misclassified persistent patients,Misclassifying right-censored patients biases sustained-treatment rates.
POST_CENSOR_PRESCRIPTION_EVENT,P0,censoring,prescription_event,service_date is on/before patient censor date,PASS,0,26306,0.0,events after censor=0,0 clinically relevant events after censor,Post-censor events introduce immortal-time and chronology errors.
POST_CENSOR_REFERRAL,P0,censoring,referral,referral_date is on/before patient censor date,PASS,0,5419,0.0,events after censor=0,0 clinically relevant events after censor,Post-censor events introduce immortal-time and chronology errors.
POST_CENSOR_TREATMENT_EPISODE,P0,censoring,treatment_episode,treatment_start_date is on/before patient censor date,PASS,0,2369,0.0,events after censor=0,0 clinically relevant events after censor,Post-censor events introduce immortal-time and chronology errors.
AGE_RANGE,P0,clinical,patient,calendar age is within configured range,PASS,0,10000,0.0,calendar age range=50-90,completed calendar years between 50 and 90,Invalid age changes eligibility and clinical segmentation.
AGE_RECONSTRUCTION,P0,clinical,patient,stored age equals independently reconstructed calendar age,PASS,0,10000,0.0,mismatches=0,0 mismatches,Age disagreement indicates a derived-mart or eligibility defect.
PATIENT_FK_ACTIVE_SURVEILLANCE,P0,keys,active_surveillance,patient foreign key resolves,PASS,0,5055,0.0,orphan patient rows=0,every patient identifier exists in patient,Orphan events cannot be assigned to a cohort denominator.
PK_ACTIVE_SURVEILLANCE,P0,keys,active_surveillance,primary key non-null and unique,PASS,0,5055,0.0,null=0; duplicate=0,unique non-null active_surveillance_id,A broken primary key prevents trustworthy table grain and joins.
FK_ADVERSE_EVENT_TREATMENT_EPISODE_ID,P0,keys,adverse_event,treatment_episode_id resolves to treatment_episode.treatment_episode_id,PASS,0,439,0.0,orphan non-null values=0,0 orphan foreign keys,Broken entity lineage invalidates normalized-to-mart reconstruction.
PATIENT_FK_ADVERSE_EVENT,P0,keys,adverse_event,patient foreign key resolves,PASS,0,439,0.0,orphan patient rows=0,every patient identifier exists in patient,Orphan events cannot be assigned to a cohort denominator.
PK_ADVERSE_EVENT,P0,keys,adverse_event,primary key non-null and unique,PASS,0,439,0.0,null=0; duplicate=0,unique non-null adverse_event_id,A broken primary key prevents trustworthy table grain and joins.
PATIENT_FK_DIAGNOSIS,P0,keys,diagnosis,patient foreign key resolves,PASS,0,10000,0.0,orphan patient rows=0,every patient identifier exists in patient,Orphan events cannot be assigned to a cohort denominator.
PK_DIAGNOSIS,P0,keys,diagnosis,primary key non-null and unique,PASS,0,10000,0.0,null=0; duplicate=0,unique non-null diagnosis_id,A broken primary key prevents trustworthy table grain and joins.
PATIENT_FK_DISEASE_STATE_EVENT,P0,keys,disease_state_event,patient foreign key resolves,PASS,0,10177,0.0,orphan patient rows=0,every patient identifier exists in patient,Orphan events cannot be assigned to a cohort denominator.
PK_DISEASE_STATE_EVENT,P0,keys,disease_state_event,primary key non-null and unique,PASS,0,10177,0.0,null=0; duplicate=0,unique non-null disease_state_event_id,A broken primary key prevents trustworthy table grain and joins.
PATIENT_FK_ELIGIBILITY,P0,keys,eligibility,patient foreign key resolves,PASS,0,10000,0.0,orphan patient rows=0,every patient identifier exists in patient,Orphan events cannot be assigned to a cohort denominator.
PK_ELIGIBILITY,P0,keys,eligibility,primary key non-null and unique,PASS,0,10000,0.0,null=0; duplicate=0,unique non-null eligibility_id,A broken primary key prevents trustworthy table grain and joins.
FK_ENCOUNTER_ORGANIZATION_ID,P0,keys,encounter,organization_id resolves to organization.organization_id,PASS,0,76819,0.0,orphan non-null values=0,0 orphan foreign keys,Broken entity lineage invalidates normalized-to-mart reconstruction.
FK_ENCOUNTER_PROVIDER_ID,P0,keys,encounter,provider_id resolves to provider.provider_id,PASS,0,76819,0.0,orphan non-null values=0,0 orphan foreign keys,Broken entity lineage invalidates normalized-to-mart reconstruction.
PATIENT_FK_ENCOUNTER,P0,keys,encounter,patient foreign key resolves,PASS,0,76819,0.0,orphan patient rows=0,every patient identifier exists in patient,Orphan events cannot be assigned to a cohort denominator.
PK_ENCOUNTER,P0,keys,encounter,primary key non-null and unique,PASS,0,76819,0.0,null=0; duplicate=0,unique non-null encounter_id,A broken primary key prevents trustworthy table grain and joins.
PK_FEATURE_TIMING,P0,keys,feature_timing,primary key non-null and unique,PASS,0,105,0.0,null=0; duplicate=0,unique non-null feature_metadata_id,A broken primary key prevents trustworthy table grain and joins.
PATIENT_FK_OBSERVATION,P0,keys,observation,patient foreign key resolves,PASS,0,10000,0.0,orphan patient rows=0,every patient identifier exists in patient,Orphan events cannot be assigned to a cohort denominator.
PK_OBSERVATION,P0,keys,observation,primary key non-null and unique,PASS,0,10000,0.0,null=0; duplicate=0,unique non-null observation_id,A broken primary key prevents trustworthy table grain and joins.
PK_ORGANIZATION,P0,keys,organization,primary key non-null and unique,PASS,0,48,0.0,null=0; duplicate=0,unique non-null organization_id,A broken primary key prevents trustworthy table grain and joins.
PATIENT_FK_OUTCOME,P0,keys,outcome,patient foreign key resolves,PASS,0,10000,0.0,orphan patient rows=0,every patient identifier exists in patient,Orphan events cannot be assigned to a cohort denominator.
PK_OUTCOME,P0,keys,outcome,primary key non-null and unique,PASS,0,10000,0.0,null=0; duplicate=0,unique non-null outcome_id,A broken primary key prevents trustworthy table grain and joins.
PATIENT_FK_PATIENT,P0,keys,patient,patient foreign key resolves,PASS,0,10000,0.0,orphan patient rows=0,every patient identifier exists in patient,Orphan events cannot be assigned to a cohort denominator.
PK_PATIENT,P0,keys,patient,primary key non-null and unique,PASS,0,10000,0.0,null=0; duplicate=0,unique non-null patient_id,A broken primary key prevents trustworthy table grain and joins.
PATIENT_FK_PATIENT_JOURNEY,P0,keys,patient_journey,patient foreign key resolves,PASS,0,10000,0.0,orphan patient rows=0,every patient identifier exists in patient,Orphan events cannot be assigned to a cohort denominator.
PK_PATIENT_JOURNEY,P0,keys,patient_journey,primary key non-null and unique,PASS,0,10000,0.0,null=0; duplicate=0,unique non-null patient_id,A broken primary key prevents trustworthy table grain and joins.
PATIENT_FK_PATIENT_SPLIT,P0,keys,patient_split,patient foreign key resolves,PASS,0,10000,0.0,orphan patient rows=0,every patient identifier exists in patient,Orphan events cannot be assigned to a cohort denominator.
PK_PATIENT_SPLIT,P0,keys,patient_split,primary key non-null and unique,PASS,0,10000,0.0,null=0; duplicate=0,unique non-null patient_split_id,A broken primary key prevents trustworthy table grain and joins.
FK_PRESCRIPTION_EVENT_COMPONENT_ID,P0,keys,prescription_event,component_id resolves to treatment_regimen_component.component_id,PASS,0,26306,0.0,orphan non-null values=0,0 orphan foreign keys,Broken entity lineage invalidates normalized-to-mart reconstruction.
FK_PRESCRIPTION_EVENT_REGIMEN_ID,P0,keys,prescription_event,regimen_id resolves to treatment_regimen.regimen_id,PASS,0,26306,0.0,orphan non-null values=0,0 orphan foreign keys,Broken entity lineage invalidates normalized-to-mart reconstruction.
FK_PRESCRIPTION_EVENT_TREATMENT_EPISODE_ID,P0,keys,prescription_event,treatment_episode_id resolves to treatment_episode.treatment_episode_id,PASS,0,26306,0.0,orphan non-null values=0,0 orphan foreign keys,Broken entity lineage invalidates normalized-to-mart reconstruction.
PATIENT_FK_PRESCRIPTION_EVENT,P0,keys,prescription_event,patient foreign key resolves,PASS,0,26306,0.0,orphan patient rows=0,every patient identifier exists in patient,Orphan events cannot be assigned to a cohort denominator.
PK_PRESCRIPTION_EVENT,P0,keys,prescription_event,primary key non-null and unique,PASS,0,26306,0.0,null=0; duplicate=0,unique non-null prescription_event_id,A broken primary key prevents trustworthy table grain and joins.
FK_PROVIDER_ORGANIZATION_ID,P0,keys,provider,organization_id resolves to organization.organization_id,PASS,0,64,0.0,orphan non-null values=0,0 orphan foreign keys,Broken entity lineage invalidates normalized-to-mart reconstruction.
PK_PROVIDER,P0,keys,provider,primary key non-null and unique,PASS,0,64,0.0,null=0; duplicate=0,unique non-null provider_id,A broken primary key prevents trustworthy table grain and joins.
FK_REFERRAL_DESTINATION_ORGANIZATION_ID,P0,keys,referral,destination_organization_id resolves to organization.organization_id,PASS,0,5419,0.0,orphan non-null values=0,0 orphan foreign keys,Broken entity lineage invalidates normalized-to-mart reconstruction.
FK_REFERRAL_DESTINATION_PROVIDER_ID,P0,keys,referral,destination_provider_id resolves to provider.provider_id,PASS,0,5419,0.0,orphan non-null values=0,0 orphan foreign keys,Broken entity lineage invalidates normalized-to-mart reconstruction.
FK_REFERRAL_SOURCE_ORGANIZATION_ID,P0,keys,referral,source_organization_id resolves to organization.organization_id,PASS,0,5419,0.0,orphan non-null values=0,0 orphan foreign keys,Broken entity lineage invalidates normalized-to-mart reconstruction.
FK_REFERRAL_SOURCE_PROVIDER_ID,P0,keys,referral,source_provider_id resolves to provider.provider_id,PASS,0,5419,0.0,orphan non-null values=0,0 orphan foreign keys,Broken entity lineage invalidates normalized-to-mart reconstruction.
PATIENT_FK_REFERRAL,P0,keys,referral,patient foreign key resolves,PASS,0,5419,0.0,orphan patient rows=0,every patient identifier exists in patient,Orphan events cannot be assigned to a cohort denominator.
PK_REFERRAL,P0,keys,referral,primary key non-null and unique,PASS,0,5419,0.0,null=0; duplicate=0,unique non-null referral_id,A broken primary key prevents trustworthy table grain and joins.
FK_TREATMENT_EPISODE_PRESCRIBING_PROVIDER_ID,P0,keys,treatment_episode,prescribing_provider_id resolves to provider.provider_id,PASS,0,2369,0.0,orphan non-null values=0,0 orphan foreign keys,Broken entity lineage invalidates normalized-to-mart reconstruction.
FK_TREATMENT_EPISODE_PREVIOUS_EPISODE_ID,P0,keys,treatment_episode,previous_episode_id resolves to treatment_episode.treatment_episode_id,PASS,0,277,0.0,orphan non-null values=0,0 orphan foreign keys,Broken entity lineage invalidates normalized-to-mart reconstruction.
PATIENT_FK_TREATMENT_EPISODE,P0,keys,treatment_episode,patient foreign key resolves,PASS,0,2369,0.0,orphan patient rows=0,every patient identifier exists in patient,Orphan events cannot be assigned to a cohort denominator.
PK_TREATMENT_EPISODE,P0,keys,treatment_episode,primary key non-null and unique,PASS,0,2369,0.0,null=0; duplicate=0,unique non-null treatment_episode_id,A broken primary key prevents trustworthy table grain and joins.
FK_TREATMENT_REGIMEN_TREATMENT_EPISODE_ID,P0,keys,treatment_regimen,treatment_episode_id resolves to treatment_episode.treatment_episode_id,PASS,0,2369,0.0,orphan non-null values=0,0 orphan foreign keys,Broken entity lineage invalidates normalized-to-mart reconstruction.
PATIENT_FK_TREATMENT_REGIMEN,P0,keys,treatment_regimen,patient foreign key resolves,PASS,0,2369,0.0,orphan patient rows=0,every patient identifier exists in patient,Orphan events cannot be assigned to a cohort denominator.
PK_TREATMENT_REGIMEN,P0,keys,treatment_regimen,primary key non-null and unique,PASS,0,2369,0.0,null=0; duplicate=0,unique non-null regimen_id,A broken primary key prevents trustworthy table grain and joins.
FK_TREATMENT_REGIMEN_COMPONENT_REGIMEN_ID,P0,keys,treatment_regimen_component,regimen_id resolves to treatment_regimen.regimen_id,PASS,0,4230,0.0,orphan non-null values=0,0 orphan foreign keys,Broken entity lineage invalidates normalized-to-mart reconstruction.
FK_TREATMENT_REGIMEN_COMPONENT_TREATMENT_EPISODE_ID,P0,keys,treatment_regimen_component,treatment_episode_id resolves to treatment_episode.treatment_episode_id,PASS,0,4230,0.0,orphan non-null values=0,0 orphan foreign keys,Broken entity lineage invalidates normalized-to-mart reconstruction.
PATIENT_FK_TREATMENT_REGIMEN_COMPONENT,P0,keys,treatment_regimen_component,patient foreign key resolves,PASS,0,4230,0.0,orphan patient rows=0,every patient identifier exists in patient,Orphan events cannot be assigned to a cohort denominator.
PK_TREATMENT_REGIMEN_COMPONENT,P0,keys,treatment_regimen_component,primary key non-null and unique,PASS,0,4230,0.0,null=0; duplicate=0,unique non-null component_id,A broken primary key prevents trustworthy table grain and joins.
REQUIRED_MARKETS,P0,market,patient,all required markets are represented,PASS,0,7,0.0,"market counts={'AU': 800, 'CA': 900, 'CN': 1200, 'DE': 1800, 'FR': 1100, 'JP': 1600, 'US': 2600}","required=['US', 'DE', 'JP', 'FR', 'CN', 'AU', 'CA']",A missing market prevents the requested Deep/Scan diagnostic.
ENCOUNTER_PROVIDER_CONSISTENCY,P0,provider_pathway,encounter,encounter specialty/setting/organization agree with provider master,PASS,0,230457,0.0,field mismatches=0,0 provider-master mismatches,Provider contradictions invalidate pathway and setting comparisons.
REFERRAL_ENDPOINT_CONSISTENCY,P0,provider_pathway,referral,referral endpoints are distinct provider-master specialties,PASS,0,16257,0.0,endpoint mismatches=0,0 specialty/master mismatches and distinct providers,Label-only referrals would invalidate pathway analysis.
NORMALIZED_MART_RECONCILIATION,P0,reconciliation,patient_journey,normalized tables agree with patient-level mart,PASS,0,196276,0.0,mismatches across aggregate comparisons=0,0 mismatches,Mart disagreement invalidates downstream cohort metrics.
DATE_ORDER_TREATMENT_EPISODE_TREATMENT_START_DATE_DISCONTINUATION_DATE,P0,temporal,treatment_episode,treatment_start_date <= discontinuation_date,PASS,0,2369,0.0,reversed pairs=0,0 reversed dated pairs,Impossible chronology prevents valid longitudinal analysis.
DATE_ORDER_TREATMENT_EPISODE_TREATMENT_START_DATE_RESTART_DATE,P0,temporal,treatment_episode,treatment_start_date <= restart_date,PASS,0,2369,0.0,reversed pairs=0,0 reversed dated pairs,Impossible chronology prevents valid longitudinal analysis.
DATE_ORDER_TREATMENT_EPISODE_TREATMENT_START_DATE_SWITCH_DATE,P0,temporal,treatment_episode,treatment_start_date <= switch_date,PASS,0,2369,0.0,reversed pairs=0,0 reversed dated pairs,Impossible chronology prevents valid longitudinal analysis.
DATE_ORDER_TREATMENT_EPISODE_TREATMENT_START_DATE_TREATMENT_END_DATE,P0,temporal,treatment_episode,treatment_start_date <= treatment_end_date,PASS,0,2369,0.0,reversed pairs=0,0 reversed dated pairs,Impossible chronology prevents valid longitudinal analysis.
DATE_ORDER_TREATMENT_REGIMEN_REGIMEN_START_DATE_REGIMEN_END_DATE,P0,temporal,treatment_regimen,regimen_start_date <= regimen_end_date,PASS,0,2369,0.0,reversed pairs=0,0 reversed dated pairs,Impossible chronology prevents valid longitudinal analysis.
DATE_ORDER_TREATMENT_REGIMEN_COMPONENT_COMPONENT_START_DATE_COMPONENT_END_DATE,P0,temporal,treatment_regimen_component,component_start_date <= component_end_date,PASS,0,4230,0.0,reversed pairs=0,0 reversed dated pairs,Impossible chronology prevents valid longitudinal analysis.
TREATMENT_DURATION_INVALID,P0,treatment,treatment_episode,treatment duration is non-negative,PASS,0,2369,0.0,negative durations=0,end date >= start date,Negative treatment duration invalidates longitudinal ordering.
CATEGORY_DIAGNOSIS_PROSTATE_STAGE,P1,categories,diagnosis,prostate_stage uses governed categories,PASS,0,10000,0.0,"observed=['localized', 'locally_advanced', 'metastatic', 'unknown']; unexpected=[]","allowed=['localized', 'locally_advanced', 'metastatic', 'unknown']",Unexpected labels can silently merge distinct clinical/pathway states.
CATEGORY_DISEASE_STATE_EVENT_STATE,P1,categories,disease_state_event,state uses governed categories,PASS,0,10177,0.0,"observed=['localized', 'locally_advanced', 'mCRPC', 'mHSPC', 'metastatic_other', 'unknown']; unexpected=[]","allowed=['localized', 'locally_advanced', 'mCRPC', 'mHSPC', 'metastatic_other', 'unknown']",Unexpected labels can silently merge distinct clinical/pathway states.
CATEGORY_ENCOUNTER_CARE_SETTING,P1,categories,encounter,care_setting uses governed categories,PASS,0,76819,0.0,"observed=['academic_oncology', 'community_oncology', 'community_urology', 'mixed_pathway']; unexpected=[]","allowed=['academic_oncology', 'community_oncology', 'community_urology', 'mixed_pathway']",Unexpected labels can silently merge distinct clinical/pathway states.
CATEGORY_ENCOUNTER_PROVIDER_SPECIALTY,P1,categories,encounter,provider_specialty uses governed categories,PASS,0,76819,0.0,"observed=['medical_oncology', 'urology']; unexpected=[]","allowed=['medical_oncology', 'primary_care', 'radiation_oncology', 'urology']",Unexpected labels can silently merge distinct clinical/pathway states.
CATEGORY_PATIENT_MARKET_CODE,P1,categories,patient,market_code uses governed categories,PASS,0,10000,0.0,"observed=['AU', 'CA', 'CN', 'DE', 'FR', 'JP', 'US']; unexpected=[]","allowed=['AU', 'CA', 'CN', 'DE', 'FR', 'JP', 'US']",Unexpected labels can silently merge distinct clinical/pathway states.
CATEGORY_PATIENT_MARKET_DEPTH,P1,categories,patient,market_depth uses governed categories,PASS,0,10000,0.0,"observed=['deep', 'scan']; unexpected=[]","allowed=['deep', 'scan']",Unexpected labels can silently merge distinct clinical/pathway states.
CATEGORY_PATIENT_SEX,P1,categories,patient,sex uses governed categories,PASS,0,10000,0.0,observed=['male']; unexpected=[],allowed=['male'],Unexpected labels can silently merge distinct clinical/pathway states.
CATEGORY_PATIENT_JOURNEY_INITIATION_90D_STATUS,P1,categories,patient_journey,initiation_90d_status uses governed categories,PASS,0,10000,0.0,"observed=['INITIATED_WITHIN_90D', 'NOT_ELIGIBLE', 'NOT_INITIATED_WITHIN_90D']; unexpected=[]","allowed=['CENSORED_NOT_EVALUABLE', 'INITIATED_WITHIN_90D', 'NOT_ELIGIBLE', 'NOT_INITIATED_WITHIN_90D']",Unexpected labels can silently merge distinct clinical/pathway states.
CATEGORY_PATIENT_JOURNEY_PERSISTENCE_12M_STATUS,P1,categories,patient_journey,persistence_12m_status uses governed categories,PASS,0,10000,0.0,"observed=['CENSORED_NOT_EVALUABLE', 'DISCONTINUED', 'NOT_APPLICABLE', 'PERSISTENT', 'SWITCHED']; unexpected=[]","allowed=['CENSORED_NOT_EVALUABLE', 'DISCONTINUED', 'NOT_APPLICABLE', 'PERSISTENT', 'SWITCHED']",Unexpected labels can silently merge distinct clinical/pathway states.
CATEGORY_PROVIDER_CARE_SETTING,P1,categories,provider,care_setting uses governed categories,PASS,0,64,0.0,"observed=['academic_oncology', 'community_oncology', 'community_urology', 'mixed_pathway']; unexpected=[]","allowed=['academic_oncology', 'community_oncology', 'community_urology', 'mixed_pathway']",Unexpected labels can silently merge distinct clinical/pathway states.
CATEGORY_PROVIDER_PROVIDER_SPECIALTY,P1,categories,provider,provider_specialty uses governed categories,PASS,0,64,0.0,"observed=['medical_oncology', 'primary_care', 'radiation_oncology', 'urology']; unexpected=[]","allowed=['medical_oncology', 'primary_care', 'radiation_oncology', 'urology']",Unexpected labels can silently merge distinct clinical/pathway states.
CATEGORY_REFERRAL_REFERRAL_STATUS,P1,categories,referral,referral_status uses governed categories,PASS,0,5419,0.0,"observed=['cancelled', 'completed', 'not_completed', 'pending', 'rejected']; unexpected=[]","allowed=['cancelled', 'completed', 'not_completed', 'pending', 'rejected']",Unexpected labels can silently merge distinct clinical/pathway states.
CATEGORY_TREATMENT_EPISODE_TRANSITION_TYPE,P1,categories,treatment_episode,transition_type uses governed categories,PASS,0,2369,0.0,"observed=['initial', 'restart', 'switch']; unexpected=[]","allowed=['initial', 'restart', 'switch']",Unexpected labels can silently merge distinct clinical/pathway states.
PATIENTS_WITH_NO_EVENTS,P1,coverage,patient,each patient has longitudinal event evidence,PASS,0,10000,0.0,patients with no core events=0,0 patients without core events,Patients without events cannot support journey analysis.
DUP_ROW_ACTIVE_SURVEILLANCE,P1,duplicates,active_surveillance,exact duplicate rows,PASS,0,5055,0.0,duplicates=0,0 exact duplicates,Duplicates can inflate counts and distort rates.
DUP_ROW_ADVERSE_EVENT,P1,duplicates,adverse_event,exact duplicate rows,PASS,0,439,0.0,duplicates=0,0 exact duplicates,Duplicates can inflate counts and distort rates.
DUP_ROW_DIAGNOSIS,P1,duplicates,diagnosis,exact duplicate rows,PASS,0,10000,0.0,duplicates=0,0 exact duplicates,Duplicates can inflate counts and distort rates.
DUP_ROW_DISEASE_STATE_EVENT,P1,duplicates,disease_state_event,exact duplicate rows,PASS,0,10177,0.0,duplicates=0,0 exact duplicates,Duplicates can inflate counts and distort rates.
DUP_ROW_ELIGIBILITY,P1,duplicates,eligibility,exact duplicate rows,PASS,0,10000,0.0,duplicates=0,0 exact duplicates,Duplicates can inflate counts and distort rates.
DUP_ROW_ENCOUNTER,P1,duplicates,encounter,exact duplicate rows,PASS,0,76819,0.0,duplicates=0,0 exact duplicates,Duplicates can inflate counts and distort rates.
DUP_ROW_FEATURE_TIMING,P1,duplicates,feature_timing,exact duplicate rows,PASS,0,105,0.0,duplicates=0,0 exact duplicates,Duplicates can inflate counts and distort rates.
DUP_ROW_OBSERVATION,P1,duplicates,observation,exact duplicate rows,PASS,0,10000,0.0,duplicates=0,0 exact duplicates,Duplicates can inflate counts and distort rates.
DUP_ROW_ORGANIZATION,P1,duplicates,organization,exact duplicate rows,PASS,0,48,0.0,duplicates=0,0 exact duplicates,Duplicates can inflate counts and distort rates.
DUP_ROW_OUTCOME,P1,duplicates,outcome,exact duplicate rows,PASS,0,10000,0.0,duplicates=0,0 exact duplicates,Duplicates can inflate counts and distort rates.
DUP_ROW_PATIENT,P1,duplicates,patient,exact duplicate rows,PASS,0,10000,0.0,duplicates=0,0 exact duplicates,Duplicates can inflate counts and distort rates.
DUP_ROW_PATIENT_JOURNEY,P1,duplicates,patient_journey,exact duplicate rows,PASS,0,10000,0.0,duplicates=0,0 exact duplicates,Duplicates can inflate counts and distort rates.
DUP_ROW_PATIENT_SPLIT,P1,duplicates,patient_split,exact duplicate rows,PASS,0,10000,0.0,duplicates=0,0 exact duplicates,Duplicates can inflate counts and distort rates.
DUP_ROW_PRESCRIPTION_EVENT,P1,duplicates,prescription_event,exact duplicate rows,PASS,0,26306,0.0,duplicates=0,0 exact duplicates,Duplicates can inflate counts and distort rates.
DUP_ROW_PROVIDER,P1,duplicates,provider,exact duplicate rows,PASS,0,64,0.0,duplicates=0,0 exact duplicates,Duplicates can inflate counts and distort rates.
DUP_ROW_REFERRAL,P1,duplicates,referral,exact duplicate rows,PASS,0,5419,0.0,duplicates=0,0 exact duplicates,Duplicates can inflate counts and distort rates.
DUPLICATE_TREATMENT_EVENT,P1,duplicates,treatment_episode,patient-line-start treatment event is unique,PASS,0,2369,0.0,duplicate treatment signatures=0,0 duplicate treatment signatures,Duplicate episodes inflate treated counts and pathway transitions.
DUP_ROW_TREATMENT_EPISODE,P1,duplicates,treatment_episode,exact duplicate rows,PASS,0,2369,0.0,duplicates=0,0 exact duplicates,Duplicates can inflate counts and distort rates.
DUP_ROW_TREATMENT_REGIMEN,P1,duplicates,treatment_regimen,exact duplicate rows,PASS,0,2369,0.0,duplicates=0,0 exact duplicates,Duplicates can inflate counts and distort rates.
DUP_ROW_TREATMENT_REGIMEN_COMPONENT,P1,duplicates,treatment_regimen_component,exact duplicate rows,PASS,0,4230,0.0,duplicates=0,0 exact duplicates,Duplicates can inflate counts and distort rates.
MARKET_FK_ACTIVE_SURVEILLANCE,P1,market,active_surveillance,event market agrees with patient market,PASS,0,5055,0.0,market mismatches=0,event and patient market_code agree,Market inconsistencies threaten stratified interpretation.
MARKET_FK_ADVERSE_EVENT,P1,market,adverse_event,event market agrees with patient market,PASS,0,439,0.0,market mismatches=0,event and patient market_code agree,Market inconsistencies threaten stratified interpretation.
MARKET_FK_DIAGNOSIS,P1,market,diagnosis,event market agrees with patient market,PASS,0,10000,0.0,market mismatches=0,event and patient market_code agree,Market inconsistencies threaten stratified interpretation.
MARKET_FK_DISEASE_STATE_EVENT,P1,market,disease_state_event,event market agrees with patient market,PASS,0,10177,0.0,market mismatches=0,event and patient market_code agree,Market inconsistencies threaten stratified interpretation.
MARKET_FK_ELIGIBILITY,P1,market,eligibility,event market agrees with patient market,PASS,0,10000,0.0,market mismatches=0,event and patient market_code agree,Market inconsistencies threaten stratified interpretation.
MARKET_FK_ENCOUNTER,P1,market,encounter,event market agrees with patient market,PASS,0,76819,0.0,market mismatches=0,event and patient market_code agree,Market inconsistencies threaten stratified interpretation.
MARKET_FK_OBSERVATION,P1,market,observation,event market agrees with patient market,PASS,0,10000,0.0,market mismatches=0,event and patient market_code agree,Market inconsistencies threaten stratified interpretation.
MARKET_FK_OUTCOME,P1,market,outcome,event market agrees with patient market,PASS,0,10000,0.0,market mismatches=0,event and patient market_code agree,Market inconsistencies threaten stratified interpretation.
COUNTRY_MARKET,P1,market,patient,country and market mapping is one-to-one,PASS,0,10000,0.0,mismatches=0,"{'US': 'United States', 'DE': 'Germany', 'JP': 'Japan', 'FR': 'France', 'CN': 'China', 'AU': 'Australia', 'CA': 'Canada'}",Country inconsistencies threaten market analyses.
MARKET_FK_PATIENT,P1,market,patient,event market agrees with patient market,PASS,0,10000,0.0,market mismatches=0,event and patient market_code agree,Market inconsistencies threaten stratified interpretation.
MARKET_FK_PATIENT_JOURNEY,P1,market,patient_journey,event market agrees with patient market,PASS,0,10000,0.0,market mismatches=0,event and patient market_code agree,Market inconsistencies threaten stratified interpretation.
MARKET_FK_PATIENT_SPLIT,P1,market,patient_split,event market agrees with patient market,PASS,0,10000,0.0,market mismatches=0,event and patient market_code agree,Market inconsistencies threaten stratified interpretation.
MARKET_FK_PRESCRIPTION_EVENT,P1,market,prescription_event,event market agrees with patient market,PASS,0,26306,0.0,market mismatches=0,event and patient market_code agree,Market inconsistencies threaten stratified interpretation.
MARKET_FK_REFERRAL,P1,market,referral,event market agrees with patient market,PASS,0,5419,0.0,market mismatches=0,event and patient market_code agree,Market inconsistencies threaten stratified interpretation.
MARKET_FK_TREATMENT_EPISODE,P1,market,treatment_episode,event market agrees with patient market,PASS,0,2369,0.0,market mismatches=0,event and patient market_code agree,Market inconsistencies threaten stratified interpretation.
MARKET_FK_TREATMENT_REGIMEN,P1,market,treatment_regimen,event market agrees with patient market,PASS,0,2369,0.0,market mismatches=0,event and patient market_code agree,Market inconsistencies threaten stratified interpretation.
MARKET_FK_TREATMENT_REGIMEN_COMPONENT,P1,market,treatment_regimen_component,event market agrees with patient market,PASS,0,4230,0.0,market mismatches=0,event and patient market_code agree,Market inconsistencies threaten stratified interpretation.
DATE_ORDER_ACTIVE_SURVEILLANCE_AS_EXIT_DATE_PLANNED_TREATMENT_START_DATE,P1,temporal,active_surveillance,as_exit_date <= planned_treatment_start_date,PASS,0,5055,0.0,reversed pairs=0,0 reversed dated pairs,Impossible chronology prevents valid longitudinal analysis.
DATE_ORDER_ACTIVE_SURVEILLANCE_AS_START_DATE_AS_EXIT_DATE,P1,temporal,active_surveillance,as_start_date <= as_exit_date,PASS,0,5055,0.0,reversed pairs=0,0 reversed dated pairs,Impossible chronology prevents valid longitudinal analysis.
DATE_PARSE_ACTIVE_SURVEILLANCE_AS_EXIT_DATE,P1,temporal,active_surveillance,as_exit_date parses as a date,PASS,0,5055,0.0,invalid non-null dates=0,all populated dates parse,Invalid dates break ordering and landmark calculations.
DATE_PARSE_ACTIVE_SURVEILLANCE_AS_RECLASSIFICATION_DATE,P1,temporal,active_surveillance,as_reclassification_date parses as a date,PASS,0,5055,0.0,invalid non-null dates=0,all populated dates parse,Invalid dates break ordering and landmark calculations.
DATE_PARSE_ACTIVE_SURVEILLANCE_AS_START_DATE,P1,temporal,active_surveillance,as_start_date parses as a date,PASS,0,5055,0.0,invalid non-null dates=0,all populated dates parse,Invalid dates break ordering and landmark calculations.
DATE_PARSE_ACTIVE_SURVEILLANCE_PLANNED_TREATMENT_START_DATE,P1,temporal,active_surveillance,planned_treatment_start_date parses as a date,PASS,0,5055,0.0,invalid non-null dates=0,all populated dates parse,Invalid dates break ordering and landmark calculations.
FUTURE_DATE_ACTIVE_SURVEILLANCE_AS_EXIT_DATE,P1,temporal,active_surveillance,as_exit_date is not after analysis date,PASS,0,465,0.0,future dates=0,date <= 2026-08-28,Future records can introduce temporal leakage.
FUTURE_DATE_ACTIVE_SURVEILLANCE_AS_RECLASSIFICATION_DATE,P1,temporal,active_surveillance,as_reclassification_date is not after analysis date,PASS,0,399,0.0,future dates=0,date <= 2026-08-28,Future records can introduce temporal leakage.
FUTURE_DATE_ACTIVE_SURVEILLANCE_AS_START_DATE,P1,temporal,active_surveillance,as_start_date is not after analysis date,PASS,0,1738,0.0,future dates=0,date <= 2026-08-28,Future records can introduce temporal leakage.
FUTURE_DATE_ACTIVE_SURVEILLANCE_PLANNED_TREATMENT_START_DATE,P1,temporal,active_surveillance,planned_treatment_start_date is not after analysis date,PASS,0,341,0.0,future dates=0,date <= 2026-08-28,Future records can introduce temporal leakage.
DATE_PARSE_ADVERSE_EVENT_ADVERSE_EVENT_DATE,P1,temporal,adverse_event,adverse_event_date parses as a date,PASS,0,439,0.0,invalid non-null dates=0,all populated dates parse,Invalid dates break ordering and landmark calculations.
FUTURE_DATE_ADVERSE_EVENT_ADVERSE_EVENT_DATE,P1,temporal,adverse_event,adverse_event_date is not after analysis date,PASS,0,439,0.0,future dates=0,date <= 2026-08-28,Future records can introduce temporal leakage.
DATE_PARSE_DIAGNOSIS_CASTRATION_RESISTANT_DATE,P1,temporal,diagnosis,castration_resistant_date parses as a date,PASS,0,10000,0.0,invalid non-null dates=0,all populated dates parse,Invalid dates break ordering and landmark calculations.
DATE_PARSE_DIAGNOSIS_DIAGNOSIS_DATE,P1,temporal,diagnosis,diagnosis_date parses as a date,PASS,0,10000,0.0,invalid non-null dates=0,all populated dates parse,Invalid dates break ordering and landmark calculations.
DATE_PARSE_DIAGNOSIS_HORMONE_SENSITIVE_CONFIRMATION_DATE,P1,temporal,diagnosis,hormone_sensitive_confirmation_date parses as a date,PASS,0,10000,0.0,invalid non-null dates=0,all populated dates parse,Invalid dates break ordering and landmark calculations.
DATE_PARSE_DIAGNOSIS_METASTATIC_DATE,P1,temporal,diagnosis,metastatic_date parses as a date,PASS,0,10000,0.0,invalid non-null dates=0,all populated dates parse,Invalid dates break ordering and landmark calculations.
FUTURE_DATE_DIAGNOSIS_CASTRATION_RESISTANT_DATE,P1,temporal,diagnosis,castration_resistant_date is not after analysis date,PASS,0,185,0.0,future dates=0,date <= 2026-08-28,Future records can introduce temporal leakage.
FUTURE_DATE_DIAGNOSIS_DIAGNOSIS_DATE,P1,temporal,diagnosis,diagnosis_date is not after analysis date,PASS,0,10000,0.0,future dates=0,date <= 2026-08-28,Future records can introduce temporal leakage.
FUTURE_DATE_DIAGNOSIS_HORMONE_SENSITIVE_CONFIRMATION_DATE,P1,temporal,diagnosis,hormone_sensitive_confirmation_date is not after analysis date,PASS,0,2369,0.0,future dates=0,date <= 2026-08-28,Future records can introduce temporal leakage.
FUTURE_DATE_DIAGNOSIS_METASTATIC_DATE,P1,temporal,diagnosis,metastatic_date is not after analysis date,PASS,0,2844,0.0,future dates=0,date <= 2026-08-28,Future records can introduce temporal leakage.
DATE_PARSE_DISEASE_STATE_EVENT_STATE_DATE,P1,temporal,disease_state_event,state_date parses as a date,PASS,0,10177,0.0,invalid non-null dates=0,all populated dates parse,Invalid dates break ordering and landmark calculations.
FUTURE_DATE_DISEASE_STATE_EVENT_STATE_DATE,P1,temporal,disease_state_event,state_date is not after analysis date,PASS,0,10177,0.0,future dates=0,date <= 2026-08-28,Future records can introduce temporal leakage.
DATE_PARSE_ELIGIBILITY_CENSOR_DATE_AT_GENERATION,P1,temporal,eligibility,censor_date_at_generation parses as a date,PASS,0,10000,0.0,invalid non-null dates=0,all populated dates parse,Invalid dates break ordering and landmark calculations.
DATE_PARSE_ELIGIBILITY_ELIGIBILITY_DATE,P1,temporal,eligibility,eligibility_date parses as a date,PASS,0,10000,0.0,invalid non-null dates=0,all populated dates parse,Invalid dates break ordering and landmark calculations.
FUTURE_DATE_ELIGIBILITY_CENSOR_DATE_AT_GENERATION,P1,temporal,eligibility,censor_date_at_generation is not after analysis date,PASS,0,10000,0.0,future dates=0,date <= 2026-08-28,Future records can introduce temporal leakage.
FUTURE_DATE_ELIGIBILITY_ELIGIBILITY_DATE,P1,temporal,eligibility,eligibility_date is not after analysis date,PASS,0,2281,0.0,future dates=0,date <= 2026-08-28,Future records can introduce temporal leakage.
DATE_PARSE_ENCOUNTER_ENCOUNTER_DATE,P1,temporal,encounter,encounter_date parses as a date,PASS,0,76819,0.0,invalid non-null dates=0,all populated dates parse,Invalid dates break ordering and landmark calculations.
FUTURE_DATE_ENCOUNTER_ENCOUNTER_DATE,P1,temporal,encounter,encounter_date is not after analysis date,PASS,0,76819,0.0,future dates=0,date <= 2026-08-28,Future records can introduce temporal leakage.
DATE_ORDER_OBSERVATION_LAST_OBSERVED_DATE_OBSERVATION_END_DATE,P1,temporal,observation,last_observed_date <= observation_end_date,PASS,0,10000,0.0,reversed pairs=0,0 reversed dated pairs,Impossible chronology prevents valid longitudinal analysis.
DATE_ORDER_OBSERVATION_OBSERVATION_START_DATE_LAST_OBSERVED_DATE,P1,temporal,observation,observation_start_date <= last_observed_date,PASS,0,10000,0.0,reversed pairs=0,0 reversed dated pairs,Impossible chronology prevents valid longitudinal analysis.
DATE_PARSE_OBSERVATION_CENSOR_DATE,P1,temporal,observation,censor_date parses as a date,PASS,0,10000,0.0,invalid non-null dates=0,all populated dates parse,Invalid dates break ordering and landmark calculations.
DATE_PARSE_OBSERVATION_DEATH_DATE,P1,temporal,observation,death_date parses as a date,PASS,0,10000,0.0,invalid non-null dates=0,all populated dates parse,Invalid dates break ordering and landmark calculations.
DATE_PARSE_OBSERVATION_LAST_OBSERVED_DATE,P1,temporal,observation,last_observed_date parses as a date,PASS,0,10000,0.0,invalid non-null dates=0,all populated dates parse,Invalid dates break ordering and landmark calculations.
DATE_PARSE_OBSERVATION_LOSS_TO_FOLLOW_UP_DATE,P1,temporal,observation,loss_to_follow_up_date parses as a date,PASS,0,10000,0.0,invalid non-null dates=0,all populated dates parse,Invalid dates break ordering and landmark calculations.
DATE_PARSE_OBSERVATION_OBSERVATION_END_DATE,P1,temporal,observation,observation_end_date parses as a date,PASS,0,10000,0.0,invalid non-null dates=0,all populated dates parse,Invalid dates break ordering and landmark calculations.
DATE_PARSE_OBSERVATION_OBSERVATION_START_DATE,P1,temporal,observation,observation_start_date parses as a date,PASS,0,10000,0.0,invalid non-null dates=0,all populated dates parse,Invalid dates break ordering and landmark calculations.
FUTURE_DATE_OBSERVATION_CENSOR_DATE,P1,temporal,observation,censor_date is not after analysis date,PASS,0,10000,0.0,future dates=0,date <= 2026-08-28,Future records can introduce temporal leakage.
FUTURE_DATE_OBSERVATION_DEATH_DATE,P1,temporal,observation,death_date is not after analysis date,PASS,0,772,0.0,future dates=0,date <= 2026-08-28,Future records can introduce temporal leakage.
FUTURE_DATE_OBSERVATION_LAST_OBSERVED_DATE,P1,temporal,observation,last_observed_date is not after analysis date,PASS,0,10000,0.0,future dates=0,date <= 2026-08-28,Future records can introduce temporal leakage.
FUTURE_DATE_OBSERVATION_LOSS_TO_FOLLOW_UP_DATE,P1,temporal,observation,loss_to_follow_up_date is not after analysis date,PASS,0,804,0.0,future dates=0,date <= 2026-08-28,Future records can introduce temporal leakage.
FUTURE_DATE_OBSERVATION_OBSERVATION_END_DATE,P1,temporal,observation,observation_end_date is not after analysis date,PASS,0,10000,0.0,future dates=0,date <= 2026-08-28,Future records can introduce temporal leakage.
FUTURE_DATE_OBSERVATION_OBSERVATION_START_DATE,P1,temporal,observation,observation_start_date is not after analysis date,PASS,0,10000,0.0,future dates=0,date <= 2026-08-28,Future records can introduce temporal leakage.
DATE_PARSE_OUTCOME_CASTRATION_RESISTANT_DATE,P1,temporal,outcome,castration_resistant_date parses as a date,PASS,0,10000,0.0,invalid non-null dates=0,all populated dates parse,Invalid dates break ordering and landmark calculations.
DATE_PARSE_OUTCOME_CENSOR_DATE,P1,temporal,outcome,censor_date parses as a date,PASS,0,10000,0.0,invalid non-null dates=0,all populated dates parse,Invalid dates break ordering and landmark calculations.
DATE_PARSE_OUTCOME_DEATH_DATE,P1,temporal,outcome,death_date parses as a date,PASS,0,10000,0.0,invalid non-null dates=0,all populated dates parse,Invalid dates break ordering and landmark calculations.
DATE_PARSE_OUTCOME_FIRST_HOSPITALISATION_DATE,P1,temporal,outcome,first_hospitalisation_date parses as a date,PASS,0,10000,0.0,invalid non-null dates=0,all populated dates parse,Invalid dates break ordering and landmark calculations.
DATE_PARSE_OUTCOME_LAST_OBSERVED_DATE,P1,temporal,outcome,last_observed_date parses as a date,PASS,0,10000,0.0,invalid non-null dates=0,all populated dates parse,Invalid dates break ordering and landmark calculations.
DATE_PARSE_OUTCOME_LOSS_TO_FOLLOW_UP_DATE,P1,temporal,outcome,loss_to_follow_up_date parses as a date,PASS,0,10000,0.0,invalid non-null dates=0,all populated dates parse,Invalid dates break ordering and landmark calculations.
DATE_PARSE_OUTCOME_PROGRESSION_DATE,P1,temporal,outcome,progression_date parses as a date,PASS,0,10000,0.0,invalid non-null dates=0,all populated dates parse,Invalid dates break ordering and landmark calculations.
FUTURE_DATE_OUTCOME_CASTRATION_RESISTANT_DATE,P1,temporal,outcome,castration_resistant_date is not after analysis date,PASS,0,177,0.0,future dates=0,date <= 2026-08-28,Future records can introduce temporal leakage.
FUTURE_DATE_OUTCOME_CENSOR_DATE,P1,temporal,outcome,censor_date is not after analysis date,PASS,0,10000,0.0,future dates=0,date <= 2026-08-28,Future records can introduce temporal leakage.
FUTURE_DATE_OUTCOME_DEATH_DATE,P1,temporal,outcome,death_date is not after analysis date,PASS,0,772,0.0,future dates=0,date <= 2026-08-28,Future records can introduce temporal leakage.
FUTURE_DATE_OUTCOME_FIRST_HOSPITALISATION_DATE,P1,temporal,outcome,first_hospitalisation_date is not after analysis date,PASS,0,1243,0.0,future dates=0,date <= 2026-08-28,Future records can introduce temporal leakage.
FUTURE_DATE_OUTCOME_LAST_OBSERVED_DATE,P1,temporal,outcome,last_observed_date is not after analysis date,PASS,0,10000,0.0,future dates=0,date <= 2026-08-28,Future records can introduce temporal leakage.
FUTURE_DATE_OUTCOME_LOSS_TO_FOLLOW_UP_DATE,P1,temporal,outcome,loss_to_follow_up_date is not after analysis date,PASS,0,804,0.0,future dates=0,date <= 2026-08-28,Future records can introduce temporal leakage.
FUTURE_DATE_OUTCOME_PROGRESSION_DATE,P1,temporal,outcome,progression_date is not after analysis date,PASS,0,2533,0.0,future dates=0,date <= 2026-08-28,Future records can introduce temporal leakage.
DATE_ORDER_PATIENT_BIRTH_DATE_INDEX_DATE,P1,temporal,patient,birth_date <= index_date,PASS,0,10000,0.0,reversed pairs=0,0 reversed dated pairs,Impossible chronology prevents valid longitudinal analysis.
DATE_PARSE_PATIENT_BIRTH_DATE,P1,temporal,patient,birth_date parses as a date,PASS,0,10000,0.0,invalid non-null dates=0,all populated dates parse,Invalid dates break ordering and landmark calculations.
DATE_PARSE_PATIENT_DATE_OF_DEATH,P1,temporal,patient,date_of_death parses as a date,PASS,0,10000,0.0,invalid non-null dates=0,all populated dates parse,Invalid dates break ordering and landmark calculations.
DATE_PARSE_PATIENT_INDEX_DATE,P1,temporal,patient,index_date parses as a date,PASS,0,10000,0.0,invalid non-null dates=0,all populated dates parse,Invalid dates break ordering and landmark calculations.
FUTURE_DATE_PATIENT_BIRTH_DATE,P1,temporal,patient,birth_date is not after analysis date,PASS,0,10000,0.0,future dates=0,date <= 2026-08-28,Future records can introduce temporal leakage.
FUTURE_DATE_PATIENT_DATE_OF_DEATH,P1,temporal,patient,date_of_death is not after analysis date,PASS,0,772,0.0,future dates=0,date <= 2026-08-28,Future records can introduce temporal leakage.
FUTURE_DATE_PATIENT_INDEX_DATE,P1,temporal,patient,index_date is not after analysis date,PASS,0,10000,0.0,future dates=0,date <= 2026-08-28,Future records can introduce temporal leakage.
DATE_PARSE_PATIENT_JOURNEY_ACTIVE_SURVEILLANCE_EXIT_DATE,P1,temporal,patient_journey,active_surveillance_exit_date parses as a date,PASS,0,10000,0.0,invalid non-null dates=0,all populated dates parse,Invalid dates break ordering and landmark calculations.
DATE_PARSE_PATIENT_JOURNEY_ACTIVE_SURVEILLANCE_RECLASSIFICATION_DATE,P1,temporal,patient_journey,active_surveillance_reclassification_date parses as a date,PASS,0,10000,0.0,invalid non-null dates=0,all populated dates parse,Invalid dates break ordering and landmark calculations.
DATE_PARSE_PATIENT_JOURNEY_ACTIVE_SURVEILLANCE_START_DATE,P1,temporal,patient_journey,active_surveillance_start_date parses as a date,PASS,0,10000,0.0,invalid non-null dates=0,all populated dates parse,Invalid dates break ordering and landmark calculations.
DATE_PARSE_PATIENT_JOURNEY_CENSOR_DATE,P1,temporal,patient_journey,censor_date parses as a date,PASS,0,10000,0.0,invalid non-null dates=0,all populated dates parse,Invalid dates break ordering and landmark calculations.
DATE_PARSE_PATIENT_JOURNEY_DEATH_DATE,P1,temporal,patient_journey,death_date parses as a date,PASS,0,10000,0.0,invalid non-null dates=0,all populated dates parse,Invalid dates break ordering and landmark calculations.
DATE_PARSE_PATIENT_JOURNEY_DISCONTINUATION_DATE,P1,temporal,patient_journey,discontinuation_date parses as a date,PASS,0,10000,0.0,invalid non-null dates=0,all populated dates parse,Invalid dates break ordering and landmark calculations.
DATE_PARSE_PATIENT_JOURNEY_ELIGIBILITY_DATE,P1,temporal,patient_journey,eligibility_date parses as a date,PASS,0,10000,0.0,invalid non-null dates=0,all populated dates parse,Invalid dates break ordering and landmark calculations.
DATE_PARSE_PATIENT_JOURNEY_EVENT_COVERAGE_UNTIL_DATE,P1,temporal,patient_journey,event_coverage_until_date parses as a date,PASS,0,10000,0.0,invalid non-null dates=0,all populated dates parse,Invalid dates break ordering and landmark calculations.
DATE_PARSE_PATIENT_JOURNEY_FIRST_HOSPITALISATION_DATE,P1,temporal,patient_journey,first_hospitalisation_date parses as a date,PASS,0,10000,0.0,invalid non-null dates=0,all populated dates parse,Invalid dates break ordering and landmark calculations.
DATE_PARSE_PATIENT_JOURNEY_LAST_OBSERVED_DATE,P1,temporal,patient_journey,last_observed_date parses as a date,PASS,0,10000,0.0,invalid non-null dates=0,all populated dates parse,Invalid dates break ordering and landmark calculations.
DATE_PARSE_PATIENT_JOURNEY_LOSS_TO_FOLLOW_UP_DATE,P1,temporal,patient_journey,loss_to_follow_up_date parses as a date,PASS,0,10000,0.0,invalid non-null dates=0,all populated dates parse,Invalid dates break ordering and landmark calculations.
DATE_PARSE_PATIENT_JOURNEY_OBSERVATION_END_DATE,P1,temporal,patient_journey,observation_end_date parses as a date,PASS,0,10000,0.0,invalid non-null dates=0,all populated dates parse,Invalid dates break ordering and landmark calculations.
DATE_PARSE_PATIENT_JOURNEY_OBSERVATION_START_DATE,P1,temporal,patient_journey,observation_start_date parses as a date,PASS,0,10000,0.0,invalid non-null dates=0,all populated dates parse,Invalid dates break ordering and landmark calculations.
DATE_PARSE_PATIENT_JOURNEY_PROGRESSION_DATE,P1,temporal,patient_journey,progression_date parses as a date,PASS,0,10000,0.0,invalid non-null dates=0,all populated dates parse,Invalid dates break ordering and landmark calculations.
DATE_PARSE_PATIENT_JOURNEY_SWITCH_DATE,P1,temporal,patient_journey,switch_date parses as a date,PASS,0,10000,0.0,invalid non-null dates=0,all populated dates parse,Invalid dates break ordering and landmark calculations.
DATE_PARSE_PATIENT_JOURNEY_TREATMENT_START_DATE,P1,temporal,patient_journey,treatment_start_date parses as a date,PASS,0,10000,0.0,invalid non-null dates=0,all populated dates parse,Invalid dates break ordering and landmark calculations.
FUTURE_DATE_PATIENT_JOURNEY_ACTIVE_SURVEILLANCE_EXIT_DATE,P1,temporal,patient_journey,active_surveillance_exit_date is not after analysis date,PASS,0,465,0.0,future dates=0,date <= 2026-08-28,Future records can introduce temporal leakage.
FUTURE_DATE_PATIENT_JOURNEY_ACTIVE_SURVEILLANCE_RECLASSIFICATION_DATE,P1,temporal,patient_journey,active_surveillance_reclassification_date is not after analysis date,PASS,0,399,0.0,future dates=0,date <= 2026-08-28,Future records can introduce temporal leakage.
FUTURE_DATE_PATIENT_JOURNEY_ACTIVE_SURVEILLANCE_START_DATE,P1,temporal,patient_journey,active_surveillance_start_date is not after analysis date,PASS,0,1738,0.0,future dates=0,date <= 2026-08-28,Future records can introduce temporal leakage.
FUTURE_DATE_PATIENT_JOURNEY_CENSOR_DATE,P1,temporal,patient_journey,censor_date is not after analysis date,PASS,0,10000,0.0,future dates=0,date <= 2026-08-28,Future records can introduce temporal leakage.
FUTURE_DATE_PATIENT_JOURNEY_DEATH_DATE,P1,temporal,patient_journey,death_date is not after analysis date,PASS,0,772,0.0,future dates=0,date <= 2026-08-28,Future records can introduce temporal leakage.
FUTURE_DATE_PATIENT_JOURNEY_DISCONTINUATION_DATE,P1,temporal,patient_journey,discontinuation_date is not after analysis date,PASS,0,433,0.0,future dates=0,date <= 2026-08-28,Future records can introduce temporal leakage.
FUTURE_DATE_PATIENT_JOURNEY_ELIGIBILITY_DATE,P1,temporal,patient_journey,eligibility_date is not after analysis date,PASS,0,2281,0.0,future dates=0,date <= 2026-08-28,Future records can introduce temporal leakage.
FUTURE_DATE_PATIENT_JOURNEY_EVENT_COVERAGE_UNTIL_DATE,P1,temporal,patient_journey,event_coverage_until_date is not after analysis date,PASS,0,1751,0.0,future dates=0,date <= 2026-08-28,Future records can introduce temporal leakage.
FUTURE_DATE_PATIENT_JOURNEY_FIRST_HOSPITALISATION_DATE,P1,temporal,patient_journey,first_hospitalisation_date is not after analysis date,PASS,0,1243,0.0,future dates=0,date <= 2026-08-28,Future records can introduce temporal leakage.
FUTURE_DATE_PATIENT_JOURNEY_LAST_OBSERVED_DATE,P1,temporal,patient_journey,last_observed_date is not after analysis date,PASS,0,10000,0.0,future dates=0,date <= 2026-08-28,Future records can introduce temporal leakage.
FUTURE_DATE_PATIENT_JOURNEY_LOSS_TO_FOLLOW_UP_DATE,P1,temporal,patient_journey,loss_to_follow_up_date is not after analysis date,PASS,0,804,0.0,future dates=0,date <= 2026-08-28,Future records can introduce temporal leakage.
FUTURE_DATE_PATIENT_JOURNEY_OBSERVATION_END_DATE,P1,temporal,patient_journey,observation_end_date is not after analysis date,PASS,0,10000,0.0,future dates=0,date <= 2026-08-28,Future records can introduce temporal leakage.
FUTURE_DATE_PATIENT_JOURNEY_OBSERVATION_START_DATE,P1,temporal,patient_journey,observation_start_date is not after analysis date,PASS,0,10000,0.0,future dates=0,date <= 2026-08-28,Future records can introduce temporal leakage.
FUTURE_DATE_PATIENT_JOURNEY_PROGRESSION_DATE,P1,temporal,patient_journey,progression_date is not after analysis date,PASS,0,2533,0.0,future dates=0,date <= 2026-08-28,Future records can introduce temporal leakage.
FUTURE_DATE_PATIENT_JOURNEY_SWITCH_DATE,P1,temporal,patient_journey,switch_date is not after analysis date,PASS,0,145,0.0,future dates=0,date <= 2026-08-28,Future records can introduce temporal leakage.
FUTURE_DATE_PATIENT_JOURNEY_TREATMENT_START_DATE,P1,temporal,patient_journey,treatment_start_date is not after analysis date,PASS,0,2092,0.0,future dates=0,date <= 2026-08-28,Future records can introduce temporal leakage.
DATE_ORDER_PRESCRIPTION_EVENT_SERVICE_DATE_COVERED_UNTIL_DATE,P1,temporal,prescription_event,service_date <= covered_until_date,PASS,0,26306,0.0,reversed pairs=0,0 reversed dated pairs,Impossible chronology prevents valid longitudinal analysis.
DATE_ORDER_PRESCRIPTION_EVENT_SERVICE_DATE_NOMINAL_COVERED_UNTIL_DATE,P1,temporal,prescription_event,service_date <= nominal_covered_until_date,PASS,0,26306,0.0,reversed pairs=0,0 reversed dated pairs,Impossible chronology prevents valid longitudinal analysis.
DATE_PARSE_PRESCRIPTION_EVENT_COVERED_UNTIL_DATE,P1,temporal,prescription_event,covered_until_date parses as a date,PASS,0,26306,0.0,invalid non-null dates=0,all populated dates parse,Invalid dates break ordering and landmark calculations.
DATE_PARSE_PRESCRIPTION_EVENT_NOMINAL_COVERED_UNTIL_DATE,P1,temporal,prescription_event,nominal_covered_until_date parses as a date,PASS,0,26306,0.0,invalid non-null dates=0,all populated dates parse,Invalid dates break ordering and landmark calculations.
DATE_PARSE_PRESCRIPTION_EVENT_SERVICE_DATE,P1,temporal,prescription_event,service_date parses as a date,PASS,0,26306,0.0,invalid non-null dates=0,all populated dates parse,Invalid dates break ordering and landmark calculations.
FUTURE_DATE_PRESCRIPTION_EVENT_COVERED_UNTIL_DATE,P1,temporal,prescription_event,covered_until_date is not after analysis date,PASS,0,26306,0.0,future dates=0,date <= 2026-08-28,Future records can introduce temporal leakage.
FUTURE_DATE_PRESCRIPTION_EVENT_NOMINAL_COVERED_UNTIL_DATE,P1,temporal,prescription_event,nominal_covered_until_date is not after analysis date,PASS,0,26306,0.0,future dates=0,date <= 2026-08-28,Future records can introduce temporal leakage.
FUTURE_DATE_PRESCRIPTION_EVENT_SERVICE_DATE,P1,temporal,prescription_event,service_date is not after analysis date,PASS,0,26306,0.0,future dates=0,date <= 2026-08-28,Future records can introduce temporal leakage.
DATE_ORDER_REFERRAL_REFERRAL_DATE_COMPLETION_DATE,P1,temporal,referral,referral_date <= completion_date,PASS,0,5419,0.0,reversed pairs=0,0 reversed dated pairs,Impossible chronology prevents valid longitudinal analysis.
DATE_PARSE_REFERRAL_COMPLETION_DATE,P1,temporal,referral,completion_date parses as a date,PASS,0,5419,0.0,invalid non-null dates=0,all populated dates parse,Invalid dates break ordering and landmark calculations.
DATE_PARSE_REFERRAL_REFERRAL_DATE,P1,temporal,referral,referral_date parses as a date,PASS,0,5419,0.0,invalid non-null dates=0,all populated dates parse,Invalid dates break ordering and landmark calculations.
FUTURE_DATE_REFERRAL_COMPLETION_DATE,P1,temporal,referral,completion_date is not after analysis date,PASS,0,3984,0.0,future dates=0,date <= 2026-08-28,Future records can introduce temporal leakage.
FUTURE_DATE_REFERRAL_REFERRAL_DATE,P1,temporal,referral,referral_date is not after analysis date,PASS,0,5419,0.0,future dates=0,date <= 2026-08-28,Future records can introduce temporal leakage.
DATE_PARSE_TREATMENT_EPISODE_DISCONTINUATION_DATE,P1,temporal,treatment_episode,discontinuation_date parses as a date,PASS,0,2369,0.0,invalid non-null dates=0,all populated dates parse,Invalid dates break ordering and landmark calculations.
DATE_PARSE_TREATMENT_EPISODE_RESTART_DATE,P1,temporal,treatment_episode,restart_date parses as a date,PASS,0,2369,0.0,invalid non-null dates=0,all populated dates parse,Invalid dates break ordering and landmark calculations.
DATE_PARSE_TREATMENT_EPISODE_SWITCH_DATE,P1,temporal,treatment_episode,switch_date parses as a date,PASS,0,2369,0.0,invalid non-null dates=0,all populated dates parse,Invalid dates break ordering and landmark calculations.
DATE_PARSE_TREATMENT_EPISODE_TREATMENT_END_DATE,P1,temporal,treatment_episode,treatment_end_date parses as a date,PASS,0,2369,0.0,invalid non-null dates=0,all populated dates parse,Invalid dates break ordering and landmark calculations.
DATE_PARSE_TREATMENT_EPISODE_TREATMENT_START_DATE,P1,temporal,treatment_episode,treatment_start_date parses as a date,PASS,0,2369,0.0,invalid non-null dates=0,all populated dates parse,Invalid dates break ordering and landmark calculations.
FUTURE_DATE_TREATMENT_EPISODE_DISCONTINUATION_DATE,P1,temporal,treatment_episode,discontinuation_date is not after analysis date,PASS,0,433,0.0,future dates=0,date <= 2026-08-28,Future records can introduce temporal leakage.
FUTURE_DATE_TREATMENT_EPISODE_RESTART_DATE,P1,temporal,treatment_episode,restart_date is not after analysis date,PASS,0,132,0.0,future dates=0,date <= 2026-08-28,Future records can introduce temporal leakage.
FUTURE_DATE_TREATMENT_EPISODE_SWITCH_DATE,P1,temporal,treatment_episode,switch_date is not after analysis date,PASS,0,145,0.0,future dates=0,date <= 2026-08-28,Future records can introduce temporal leakage.
FUTURE_DATE_TREATMENT_EPISODE_TREATMENT_END_DATE,P1,temporal,treatment_episode,treatment_end_date is not after analysis date,PASS,0,2369,0.0,future dates=0,date <= 2026-08-28,Future records can introduce temporal leakage.
FUTURE_DATE_TREATMENT_EPISODE_TREATMENT_START_DATE,P1,temporal,treatment_episode,treatment_start_date is not after analysis date,PASS,0,2369,0.0,future dates=0,date <= 2026-08-28,Future records can introduce temporal leakage.
DATE_PARSE_TREATMENT_REGIMEN_REGIMEN_END_DATE,P1,temporal,treatment_regimen,regimen_end_date parses as a date,PASS,0,2369,0.0,invalid non-null dates=0,all populated dates parse,Invalid dates break ordering and landmark calculations.
DATE_PARSE_TREATMENT_REGIMEN_REGIMEN_START_DATE,P1,temporal,treatment_regimen,regimen_start_date parses as a date,PASS,0,2369,0.0,invalid non-null dates=0,all populated dates parse,Invalid dates break ordering and landmark calculations.
FUTURE_DATE_TREATMENT_REGIMEN_REGIMEN_END_DATE,P1,temporal,treatment_regimen,regimen_end_date is not after analysis date,PASS,0,2369,0.0,future dates=0,date <= 2026-08-28,Future records can introduce temporal leakage.
FUTURE_DATE_TREATMENT_REGIMEN_REGIMEN_START_DATE,P1,temporal,treatment_regimen,regimen_start_date is not after analysis date,PASS,0,2369,0.0,future dates=0,date <= 2026-08-28,Future records can introduce temporal leakage.
DATE_PARSE_TREATMENT_REGIMEN_COMPONENT_COMPONENT_END_DATE,P1,temporal,treatment_regimen_component,component_end_date parses as a date,PASS,0,4230,0.0,invalid non-null dates=0,all populated dates parse,Invalid dates break ordering and landmark calculations.
DATE_PARSE_TREATMENT_REGIMEN_COMPONENT_COMPONENT_START_DATE,P1,temporal,treatment_regimen_component,component_start_date parses as a date,PASS,0,4230,0.0,invalid non-null dates=0,all populated dates parse,Invalid dates break ordering and landmark calculations.
FUTURE_DATE_TREATMENT_REGIMEN_COMPONENT_COMPONENT_END_DATE,P1,temporal,treatment_regimen_component,component_end_date is not after analysis date,PASS,0,4230,0.0,future dates=0,date <= 2026-08-28,Future records can introduce temporal leakage.
FUTURE_DATE_TREATMENT_REGIMEN_COMPONENT_COMPONENT_START_DATE,P1,temporal,treatment_regimen_component,component_start_date is not after analysis date,PASS,0,4230,0.0,future dates=0,date <= 2026-08-28,Future records can introduce temporal leakage.
DAYS_SUPPLY,P1,treatment,prescription_event,days_supply is positive and bounded,PASS,0,26306,0.0,outside 1-365=0,1 <= days_supply <= 365,Invalid supply prevents persistence and coverage reconstruction.
QUANTITY_DISPENSED,P1,treatment,prescription_event,populated quantity_dispensed is positive,PASS,0,24651,0.0,non-positive populated quantities=0,quantity_dispensed > 0 when collected,Invalid quantities threaten exposure interpretation.
EXTREMELY_LONG_FOLLOWUP,P2,coverage,observation,follow-up is within a 10-year exploratory bound,PASS,0,10000,0.0,">3,650 days=0; max=2556",review follow-up above 10 years,Extremely long windows may indicate date/unit defects.
SHORT_FOLLOWUP,P2,coverage,observation,minimum observation supports a 90-day assessment,PASS,0,10000,0.0,<90 days=0; min=90,follow-up >= 90 days or explicit non-evaluable handling,Short follow-up limits initiation and persistence assessment.
ISOLATED_PATIENT_RECORDS,P2,coverage,patient,patient has more than one core event,PASS,0,10000,0.0,patients with <=1 core events=0,review isolated records,Sparse records provide limited longitudinal evidence.
TREATMENT_DURATION_LONG,P2,treatment,treatment_episode,treatment duration is within exploratory plausibility bound,PASS,0,2369,0.0,>10-year durations=0,"review durations above 3,650 days",Very long episodes may reflect administrative rather than clinical exposure.
CONSTANT_FIELDS_ACTIVE_SURVEILLANCE,P3,univariate,active_surveillance,constant fields documented,LIMITATION,2,18,0.1111111111111111,"constant fields=['active_surveillance_rule_version', 'synthetic_event_flag']",constants retained only when they encode scope/governance,Constant predictors add no analytical variation but may document scope.
CONSTANT_FIELDS_ADVERSE_EVENT,P3,univariate,adverse_event,constant fields documented,LIMITATION,2,10,0.2,"constant fields=['outcome_model_version', 'synthetic_event_flag']",constants retained only when they encode scope/governance,Constant predictors add no analytical variation but may document scope.
CONSTANT_FIELDS_DIAGNOSIS,P3,univariate,diagnosis,constant fields documented,LIMITATION,4,24,0.16666666666666666,"constant fields=['prostate_cancer_flag', 'diagnosis_source', 'clinical_state_model_version', 'data_quality_flag']",constants retained only when they encode scope/governance,Constant predictors add no analytical variation but may document scope.
CONSTANT_FIELDS_DISEASE_STATE_EVENT,P3,univariate,disease_state_event,constant fields documented,LIMITATION,2,9,0.2222222222222222,"constant fields=['clinical_state_model_version', 'synthetic_event_flag']",constants retained only when they encode scope/governance,Constant predictors add no analytical variation but may document scope.
CONSTANT_FIELDS_ELIGIBILITY,P3,univariate,eligibility,constant fields documented,LIMITATION,4,20,0.2,"constant fields=['minimum_followup_required_days', 'eligibility_rule_version', 'source_assumption', 'synthetic_event_flag']",constants retained only when they encode scope/governance,Constant predictors add no analytical variation but may document scope.
CONSTANT_FIELDS_ENCOUNTER,P3,univariate,encounter,constant fields documented,LIMITATION,1,12,0.08333333333333333,constant fields=['synthetic_event_flag'],constants retained only when they encode scope/governance,Constant predictors add no analytical variation but may document scope.
CONSTANT_FIELDS_FEATURE_TIMING,P3,univariate,feature_timing,constant fields documented,LIMITATION,1,9,0.1111111111111111,constant fields=['timing_rule_version'],constants retained only when they encode scope/governance,Constant predictors add no analytical variation but may document scope.
CONSTANT_FIELDS_OBSERVATION,P3,univariate,observation,constant fields documented,LIMITATION,3,13,0.23076923076923078,"constant fields=['observation_end_date', 'observation_rule_version', 'synthetic_event_flag']",constants retained only when they encode scope/governance,Constant predictors add no analytical variation but may document scope.
CONSTANT_FIELDS_ORGANIZATION,P3,univariate,organization,constant fields documented,LIMITATION,1,8,0.125,constant fields=['synthetic_organization_flag'],constants retained only when they encode scope/governance,Constant predictors add no analytical variation but may document scope.
CONSTANT_FIELDS_OUTCOME,P3,univariate,outcome,constant fields documented,LIMITATION,2,21,0.09523809523809523,"constant fields=['outcome_model_version', 'synthetic_event_flag']",constants retained only when they encode scope/governance,Constant predictors add no analytical variation but may document scope.
ZERO_INFLATED_FIELDS_OUTCOME,P3,univariate,outcome,zero-inflated numeric fields documented,LIMITATION,1,1,1.0,>=95% zero fields=['adverse_event_count'],review before modeling,Extreme zero inflation can destabilize models and comparisons.
CONSTANT_FIELDS_PATIENT,P3,univariate,patient,constant fields documented,LIMITATION,5,27,0.18518518518518517,"constant fields=['sex', 'synthetic_oversampling_flag', 'population_representative_flag', 'sampling_weight', 'synthetic_scenario_version']",constants retained only when they encode scope/governance,Constant predictors add no analytical variation but may document scope.
CONSTANT_FIELDS_PATIENT_JOURNEY,P3,univariate,patient_journey,constant fields documented,LIMITATION,6,105,0.05714285714285714,"constant fields=['eligibility_rule_version', 'initial_provider_specialty', 'observation_end_date', 'synthetic_data_flag', 'synthetic_scenario_version', 'persistence_rule_version']",constants retained only when they encode scope/governance,Constant predictors add no analytical variation but may document scope.
CONSTANT_FIELDS_PATIENT_SPLIT,P3,univariate,patient_split,constant fields documented,LIMITATION,1,6,0.16666666666666666,constant fields=['split_rule_version'],constants retained only when they encode scope/governance,Constant predictors add no analytical variation but may document scope.
CONSTANT_FIELDS_PRESCRIPTION_EVENT,P3,univariate,prescription_event,constant fields documented,LIMITATION,1,20,0.05,constant fields=['synthetic_event_flag'],constants retained only when they encode scope/governance,Constant predictors add no analytical variation but may document scope.
CONSTANT_FIELDS_PROVIDER,P3,univariate,provider,constant fields documented,LIMITATION,1,10,0.1,constant fields=['synthetic_provider_flag'],constants retained only when they encode scope/governance,Constant predictors add no analytical variation but may document scope.
CONSTANT_FIELDS_REFERRAL,P3,univariate,referral,constant fields documented,LIMITATION,2,16,0.125,"constant fields=['source_specialty', 'synthetic_event_flag']",constants retained only when they encode scope/governance,Constant predictors add no analytical variation but may document scope.
CONSTANT_FIELDS_TREATMENT_EPISODE,P3,univariate,treatment_episode,constant fields documented,LIMITATION,1,24,0.041666666666666664,constant fields=['synthetic_event_flag'],constants retained only when they encode scope/governance,Constant predictors add no analytical variation but may document scope.
CONSTANT_FIELDS_TREATMENT_REGIMEN,P3,univariate,treatment_regimen,constant fields documented,LIMITATION,2,14,0.14285714285714285,"constant fields=['guideline_rule_version', 'synthetic_event_flag']",constants retained only when they encode scope/governance,Constant predictors add no analytical variation but may document scope.
CONSTANT_FIELDS_TREATMENT_REGIMEN_COMPONENT,P3,univariate,treatment_regimen_component,constant fields documented,LIMITATION,1,17,0.058823529411764705,constant fields=['synthetic_event_flag'],constants retained only when they encode scope/governance,Constant predictors add no analytical variation but may document scope.
DOSE_UNIT_AVAILABILITY,P3,treatment,prescription_event,dose and unit fields are available for validation,NOT_APPLICABLE,1,1,1.0,available columns=[],dose/unit checks when those fields are collected,Dose-level analysis is unsupported; this does not affect event/refill analyses.
ZERO_INFLATED_FIELDS_ACTIVE_SURVEILLANCE,P3,univariate,active_surveillance,zero-inflated numeric fields documented,PASS,0,2,0.0,>=95% zero fields=[],review before modeling,Extreme zero inflation can destabilize models and comparisons.
ZERO_INFLATED_FIELDS_ADVERSE_EVENT,P3,univariate,adverse_event,zero-inflated numeric fields documented,PASS,0,0,0.0,>=95% zero fields=[],review before modeling,Extreme zero inflation can destabilize models and comparisons.
ZERO_INFLATED_FIELDS_DIAGNOSIS,P3,univariate,diagnosis,zero-inflated numeric fields documented,PASS,0,5,0.0,>=95% zero fields=[],review before modeling,Extreme zero inflation can destabilize models and comparisons.
ZERO_INFLATED_FIELDS_DISEASE_STATE_EVENT,P3,univariate,disease_state_event,zero-inflated numeric fields documented,PASS,0,0,0.0,>=95% zero fields=[],review before modeling,Extreme zero inflation can destabilize models and comparisons.
ZERO_INFLATED_FIELDS_ELIGIBILITY,P3,univariate,eligibility,zero-inflated numeric fields documented,PASS,0,2,0.0,>=95% zero fields=[],review before modeling,Extreme zero inflation can destabilize models and comparisons.
ZERO_INFLATED_FIELDS_ENCOUNTER,P3,univariate,encounter,zero-inflated numeric fields documented,PASS,0,1,0.0,>=95% zero fields=[],review before modeling,Extreme zero inflation can destabilize models and comparisons.
ZERO_INFLATED_FIELDS_FEATURE_TIMING,P3,univariate,feature_timing,zero-inflated numeric fields documented,PASS,0,0,0.0,>=95% zero fields=[],review before modeling,Extreme zero inflation can destabilize models and comparisons.
ZERO_INFLATED_FIELDS_OBSERVATION,P3,univariate,observation,zero-inflated numeric fields documented,PASS,0,1,0.0,>=95% zero fields=[],review before modeling,Extreme zero inflation can destabilize models and comparisons.
ZERO_INFLATED_FIELDS_ORGANIZATION,P3,univariate,organization,zero-inflated numeric fields documented,PASS,0,0,0.0,>=95% zero fields=[],review before modeling,Extreme zero inflation can destabilize models and comparisons.
ZERO_INFLATED_FIELDS_PATIENT,P3,univariate,patient,zero-inflated numeric fields documented,PASS,0,6,0.0,>=95% zero fields=[],review before modeling,Extreme zero inflation can destabilize models and comparisons.
ZERO_INFLATED_FIELDS_PATIENT_JOURNEY,P3,univariate,patient_journey,zero-inflated numeric fields documented,PASS,0,15,0.0,>=95% zero fields=[],review before modeling,Extreme zero inflation can destabilize models and comparisons.
ZERO_INFLATED_FIELDS_PATIENT_SPLIT,P3,univariate,patient_split,zero-inflated numeric fields documented,PASS,0,0,0.0,>=95% zero fields=[],review before modeling,Extreme zero inflation can destabilize models and comparisons.
ZERO_INFLATED_FIELDS_PRESCRIPTION_EVENT,P3,univariate,prescription_event,zero-inflated numeric fields documented,PASS,0,3,0.0,>=95% zero fields=[],review before modeling,Extreme zero inflation can destabilize models and comparisons.
ZERO_INFLATED_FIELDS_PROVIDER,P3,univariate,provider,zero-inflated numeric fields documented,PASS,0,1,0.0,>=95% zero fields=[],review before modeling,Extreme zero inflation can destabilize models and comparisons.
ZERO_INFLATED_FIELDS_REFERRAL,P3,univariate,referral,zero-inflated numeric fields documented,PASS,0,0,0.0,>=95% zero fields=[],review before modeling,Extreme zero inflation can destabilize models and comparisons.
ZERO_INFLATED_FIELDS_TREATMENT_EPISODE,P3,univariate,treatment_episode,zero-inflated numeric fields documented,PASS,0,3,0.0,>=95% zero fields=[],review before modeling,Extreme zero inflation can destabilize models and comparisons.
ZERO_INFLATED_FIELDS_TREATMENT_REGIMEN,P3,univariate,treatment_regimen,zero-inflated numeric fields documented,PASS,0,0,0.0,>=95% zero fields=[],review before modeling,Extreme zero inflation can destabilize models and comparisons.
ZERO_INFLATED_FIELDS_TREATMENT_REGIMEN_COMPONENT,P3,univariate,treatment_regimen_component,zero-inflated numeric fields documented,PASS,0,2,0.0,>=95% zero fields=[],review before modeling,Extreme zero inflation can destabilize models and comparisons.
