issue_id,severity,classification,affected_records,finding,analysis_consequence,recommended_handling
LIM_SYNTHETIC_POPULATION,P2,assumption_proxy_or_limitation,10000,"population_representative_flag=false for 10,000 patients","Rates are scenario outputs, not population or Bayer market estimates.",Use only for demonstrational diagnostics; do not weight to real populations.
LIM_GENERATED_ARCHETYPES,P2,assumption_proxy_or_limitation,9996,Most records are independent generated archetypes rather than direct raw Synthea patients.,Raw-source fidelity cannot be interpreted as real-world representativeness.,Keep source_record_type visible in sensitivity descriptions.
LIM_STRUCTURAL_PRODUCT_MISSINGNESS,P2,assumption_proxy_or_limitation,1655,"product_id missing in 1,655 prescription rows, concentrated in Scan markets",Product-level comparisons can be biased by market depth.,Report product analyses by detail level and never impute a missing product as no therapy.
LIM_12M_CENSORING,P2,assumption_proxy_or_limitation,90,90 treated patients are not evaluable at 12 months,Naive non-persistence rates would be biased.,Keep right-censored patients separate from discontinued/switched patients.
LIM_REFERRAL_MISSINGNESS,P2,assumption_proxy_or_limitation,6016,Referral delay is structurally unavailable when no completed referral exists.,Missing referral delay is not equivalent to zero delay or no referral need.,Use referral status and completion date to define denominators first.
LIM_OUTCOME_PROXY,P2,assumption_proxy_or_limitation,10000,"Progression, hospitalisation and death are synthetic probabilistic outcomes.",Outcome associations are not effectiveness or causal estimates.,Label all outcome analyses as synthetic descriptive proxies.
LIM_REALISED_VALUE_DEFINITION,P2,assumption_proxy_or_limitation,0,"Realised value is governed by a synthetic operational proxy, not an approved clinical/commercial endpoint.",The terminal value node cannot support a real Bayer value claim.,Obtain a Bayer-approved definition before external or commercial interpretation.
MISS_EVENT_COVERAGE_UNTIL_DATE,P3,observed_missingness,8249,event_coverage_until_date missingness=82.5%,Complete-case analyses may change the cohort composition.,Report denominators and missing category; do not impute in EDA.
MISS_INITIAL_REGIMEN,P3,observed_missingness,7908,initial_regimen missingness=79.1%,Complete-case analyses may change the cohort composition.,Report denominators and missing category; do not impute in EDA.
MISS_PROGRESSION_DATE,P3,observed_missingness,7467,progression_date missingness=74.7%,Complete-case analyses may change the cohort composition.,Report denominators and missing category; do not impute in EDA.
