pathway,pathway_label,segment_dimension,segment_value,window_days,market_depth_context,n,eligible_n,eligible_observed_n,eligible_proxy_n,eligibility_uncertain_n,evaluable_eligible_n,censored_before_window_n,initiated_n,eligible_but_not_initiated_n,initiation_rate,treatment_gap,wilson_95_lower,wilson_95_upper,non_intensified_n,non_intensified_rate,follow_up_adequacy,missingness_rate,confidence_category,actionability,conclusion_type,initiation_event_type
mhspc_mcspc,mHSPC/mCSPC,overall,ALL,30,mixed,2369,2281,2281,0,0,2281,0,275,2006,0.12056115738711091,0.8794388426128891,0.10783225290274465,0.1345659947482085,69.0,0.2509090909090909,1.0,0.0,HIGH,ACTIONABLE_DESCRIPTIVE,DESCRIPTIVE,treatment_initiation
mhspc_mcspc,mHSPC/mCSPC,overall,ALL,60,mixed,2369,2281,2281,0,0,2281,0,1255,1026,0.5501972818939062,0.44980271810609385,0.5297142062511541,0.57051155994638,289.0,0.2302788844621514,1.0,0.0,HIGH,ACTIONABLE_DESCRIPTIVE,DESCRIPTIVE,treatment_initiation
mhspc_mcspc,mHSPC/mCSPC,overall,ALL,90,mixed,2369,2281,2281,0,0,2281,0,1700,581,0.7452871547566856,0.2547128452433144,0.7270044800447014,0.7627450063091884,379.0,0.22294117647058823,1.0,0.0,HIGH,ACTIONABLE_DESCRIPTIVE,DESCRIPTIVE,treatment_initiation
mhspc_mcspc,mHSPC/mCSPC,market,AU,30,scan,119,113,113,0,0,113,0,10,103,0.08849557522123894,0.911504424778761,0.04877885362602272,0.15527175848473238,3.0,0.3,1.0,0.0,MEDIUM,DIRECTIONAL_ONLY,DESCRIPTIVE,treatment_initiation
mhspc_mcspc,mHSPC/mCSPC,market,AU,60,scan,119,113,113,0,0,113,0,63,50,0.5575221238938053,0.4424778761061947,0.46555055620499053,0.6457111861881296,16.0,0.25396825396825395,1.0,0.0,MEDIUM,DIRECTIONAL_ONLY,DESCRIPTIVE,treatment_initiation
mhspc_mcspc,mHSPC/mCSPC,market,AU,90,scan,119,113,113,0,0,113,0,90,23,0.7964601769911505,0.20353982300884954,0.7130582204818585,0.8603676826211459,19.0,0.2111111111111111,1.0,0.0,MEDIUM,DIRECTIONAL_ONLY,DESCRIPTIVE,treatment_initiation
mhspc_mcspc,mHSPC/mCSPC,market,CA,30,scan,173,165,165,0,0,165,0,11,154,0.06666666666666667,0.9333333333333333,0.03762973233775169,0.11542259599839294,3.0,0.2727272727272727,1.0,0.0,MEDIUM,DIRECTIONAL_ONLY,DESCRIPTIVE,treatment_initiation
mhspc_mcspc,mHSPC/mCSPC,market,CA,60,scan,173,165,165,0,0,165,0,65,100,0.3939393939393939,0.6060606060606061,0.32260939942166716,0.4700957159053611,11.0,0.16923076923076924,1.0,0.0,MEDIUM,DIRECTIONAL_ONLY,DESCRIPTIVE,treatment_initiation
mhspc_mcspc,mHSPC/mCSPC,market,CA,90,scan,173,165,165,0,0,165,0,113,52,0.6848484848484848,0.3151515151515152,0.6104399452673452,0.7508454251626908,22.0,0.19469026548672566,1.0,0.0,MEDIUM,DIRECTIONAL_ONLY,DESCRIPTIVE,treatment_initiation
mhspc_mcspc,mHSPC/mCSPC,market,CN,30,scan,393,379,379,0,0,379,0,26,353,0.06860158311345646,0.9313984168865436,0.04724203506003305,0.09861881182807941,5.0,0.19230769230769232,1.0,0.0,MEDIUM,DIRECTIONAL_ONLY,DESCRIPTIVE,treatment_initiation
mhspc_mcspc,mHSPC/mCSPC,market,CN,60,scan,393,379,379,0,0,379,0,116,263,0.30606860158311344,0.6939313984168866,0.2618084563843292,0.35422073166629015,27.0,0.23275862068965517,1.0,0.0,MEDIUM,DIRECTIONAL_ONLY,DESCRIPTIVE,treatment_initiation
mhspc_mcspc,mHSPC/mCSPC,market,CN,90,scan,393,379,379,0,0,379,0,206,173,0.5435356200527705,0.45646437994722955,0.49320105549389176,0.5929964737192346,44.0,0.21359223300970873,1.0,0.0,MEDIUM,DIRECTIONAL_ONLY,DESCRIPTIVE,treatment_initiation
mhspc_mcspc,mHSPC/mCSPC,market,DE,30,deep,396,385,385,0,0,385,0,47,338,0.12207792207792208,0.8779220779220779,0.0930582298420523,0.158565053263459,11.0,0.23404255319148937,1.0,0.0,HIGH,ACTIONABLE_DESCRIPTIVE,DESCRIPTIVE,treatment_initiation
mhspc_mcspc,mHSPC/mCSPC,market,DE,60,deep,396,385,385,0,0,385,0,261,124,0.6779220779220779,0.3220779220779221,0.6296859083608384,0.7226426490774605,62.0,0.23754789272030652,1.0,0.0,HIGH,ACTIONABLE_DESCRIPTIVE,DESCRIPTIVE,treatment_initiation
mhspc_mcspc,mHSPC/mCSPC,market,DE,90,deep,396,385,385,0,0,385,0,309,76,0.8025974025974026,0.19740259740259736,0.7599315437310059,0.8392841780436191,66.0,0.21359223300970873,1.0,0.0,HIGH,ACTIONABLE_DESCRIPTIVE,DESCRIPTIVE,treatment_initiation
mhspc_mcspc,mHSPC/mCSPC,market,FR,30,scan,232,222,222,0,0,222,0,27,195,0.12162162162162163,0.8783783783783784,0.08494621685811629,0.1711695740324902,9.0,0.3333333333333333,1.0,0.0,MEDIUM,DIRECTIONAL_ONLY,DESCRIPTIVE,treatment_initiation
mhspc_mcspc,mHSPC/mCSPC,market,FR,60,scan,232,222,222,0,0,222,0,127,95,0.5720720720720721,0.4279279279279279,0.50630400659589,0.6353882237106613,29.0,0.2283464566929134,1.0,0.0,MEDIUM,DIRECTIONAL_ONLY,DESCRIPTIVE,treatment_initiation
mhspc_mcspc,mHSPC/mCSPC,market,FR,90,scan,232,222,222,0,0,222,0,183,39,0.8243243243243243,0.17567567567567566,0.7688701695419131,0.868744866837567,45.0,0.2459016393442623,1.0,0.0,MEDIUM,DIRECTIONAL_ONLY,DESCRIPTIVE,treatment_initiation
mhspc_mcspc,mHSPC/mCSPC,market,JP,30,deep,351,342,342,0,0,342,0,70,272,0.2046783625730994,0.7953216374269005,0.16530935169368283,0.2506082244452201,19.0,0.2714285714285714,1.0,0.0,HIGH,ACTIONABLE_DESCRIPTIVE,DESCRIPTIVE,treatment_initiation
mhspc_mcspc,mHSPC/mCSPC,market,JP,60,deep,351,342,342,0,0,342,0,273,69,0.7982456140350878,0.20175438596491224,0.7525073649198304,0.8373580532369211,60.0,0.21978021978021978,1.0,0.0,HIGH,ACTIONABLE_DESCRIPTIVE,DESCRIPTIVE,treatment_initiation
mhspc_mcspc,mHSPC/mCSPC,market,JP,90,deep,351,342,342,0,0,342,0,288,54,0.8421052631578947,0.1578947368421053,0.7996864990492724,0.8769238335422954,62.0,0.2152777777777778,1.0,0.0,HIGH,ACTIONABLE_DESCRIPTIVE,DESCRIPTIVE,treatment_initiation
mhspc_mcspc,mHSPC/mCSPC,market,US,30,deep,705,675,675,0,0,675,0,84,591,0.12444444444444444,0.8755555555555555,0.10164753412261282,0.1514919316968066,19.0,0.2261904761904762,1.0,0.0,HIGH,ACTIONABLE_DESCRIPTIVE,DESCRIPTIVE,treatment_initiation
mhspc_mcspc,mHSPC/mCSPC,market,US,60,deep,705,675,675,0,0,675,0,350,325,0.5185185185185185,0.4814814814814815,0.4808260460953984,0.5560013964184369,84.0,0.24,1.0,0.0,HIGH,ACTIONABLE_DESCRIPTIVE,DESCRIPTIVE,treatment_initiation
mhspc_mcspc,mHSPC/mCSPC,market,US,90,deep,705,675,675,0,0,675,0,511,164,0.7570370370370371,0.24296296296296294,0.7232869965861486,0.787877905505886,121.0,0.23679060665362034,1.0,0.0,HIGH,ACTIONABLE_DESCRIPTIVE,DESCRIPTIVE,treatment_initiation
mhspc_mcspc,mHSPC/mCSPC,market_group,Deep,30,deep,1452,1402,1402,0,0,1402,0,201,1201,0.1433666191155492,0.8566333808844508,0.1259959299039644,0.16268637968198035,49.0,0.24378109452736318,1.0,0.0,HIGH,ACTIONABLE_DESCRIPTIVE,DESCRIPTIVE,treatment_initiation
mhspc_mcspc,mHSPC/mCSPC,market_group,Deep,60,deep,1452,1402,1402,0,0,1402,0,884,518,0.630527817403709,0.369472182596291,0.604937824819204,0.6554044498723403,206.0,0.2330316742081448,1.0,0.0,HIGH,ACTIONABLE_DESCRIPTIVE,DESCRIPTIVE,treatment_initiation
mhspc_mcspc,mHSPC/mCSPC,market_group,Deep,90,deep,1452,1402,1402,0,0,1402,0,1108,294,0.7902995720399429,0.20970042796005706,0.768210942376044,0.8108016576209968,249.0,0.22472924187725632,1.0,0.0,HIGH,ACTIONABLE_DESCRIPTIVE,DESCRIPTIVE,treatment_initiation
mhspc_mcspc,mHSPC/mCSPC,market_group,Scan,30,scan,917,879,879,0,0,879,0,74,805,0.08418657565415244,0.9158134243458476,0.06759041758170731,0.10440147768013805,20.0,0.2702702702702703,1.0,0.0,MEDIUM,DIRECTIONAL_ONLY,DESCRIPTIVE,treatment_initiation
mhspc_mcspc,mHSPC/mCSPC,market_group,Scan,60,scan,917,879,879,0,0,879,0,371,508,0.42207053469852107,0.5779294653014789,0.3898283576882613,0.45499091679993686,83.0,0.22371967654986524,1.0,0.0,MEDIUM,DIRECTIONAL_ONLY,DESCRIPTIVE,treatment_initiation
mhspc_mcspc,mHSPC/mCSPC,market_group,Scan,90,scan,917,879,879,0,0,879,0,592,287,0.6734926052332195,0.3265073947667805,0.6417950619371953,0.7036802758810496,130.0,0.2195945945945946,1.0,0.0,MEDIUM,DIRECTIONAL_ONLY,DESCRIPTIVE,treatment_initiation
mhspc_mcspc,mHSPC/mCSPC,disease_state,mCRPC,30,mixed,177,168,168,0,0,168,0,17,151,0.10119047619047619,0.8988095238095238,0.06414150874537254,0.15607059356279968,5.0,0.29411764705882354,1.0,0.0,HIGH,ACTIONABLE_DESCRIPTIVE,DESCRIPTIVE,treatment_initiation
mhspc_mcspc,mHSPC/mCSPC,disease_state,mCRPC,60,mixed,177,168,168,0,0,168,0,93,75,0.5535714285714286,0.4464285714285714,0.4780357736540186,0.6267118543941375,24.0,0.25806451612903225,1.0,0.0,HIGH,ACTIONABLE_DESCRIPTIVE,DESCRIPTIVE,treatment_initiation
mhspc_mcspc,mHSPC/mCSPC,disease_state,mCRPC,90,mixed,177,168,168,0,0,168,0,118,50,0.7023809523809523,0.29761904761904767,0.629346041395244,0.7663672201200119,32.0,0.2711864406779661,1.0,0.0,HIGH,ACTIONABLE_DESCRIPTIVE,DESCRIPTIVE,treatment_initiation
mhspc_mcspc,mHSPC/mCSPC,disease_state,mHSPC,30,mixed,2192,2113,2113,0,0,2113,0,258,1855,0.12210127780407004,0.87789872219593,0.10882279964117689,0.13675136141083566,64.0,0.24806201550387597,1.0,0.0,HIGH,ACTIONABLE_DESCRIPTIVE,DESCRIPTIVE,treatment_initiation
mhspc_mcspc,mHSPC/mCSPC,disease_state,mHSPC,60,mixed,2192,2113,2113,0,0,2113,0,1162,951,0.5499290108849977,0.4500709891150023,0.5286445591117535,0.5710322424023515,265.0,0.22805507745266781,1.0,0.0,HIGH,ACTIONABLE_DESCRIPTIVE,DESCRIPTIVE,treatment_initiation
mhspc_mcspc,mHSPC/mCSPC,disease_state,mHSPC,90,mixed,2192,2113,2113,0,0,2113,0,1582,531,0.7486985328916232,0.25130146710837675,0.7297633514665529,0.7667310484923291,347.0,0.2193426042983565,1.0,0.0,HIGH,ACTIONABLE_DESCRIPTIVE,DESCRIPTIVE,treatment_initiation
mhspc_mcspc,mHSPC/mCSPC,active_surveillance_status,<missing>,30,mixed,2369,2281,2281,0,0,2281,0,275,2006,0.12056115738711091,0.8794388426128891,0.10783225290274465,0.1345659947482085,69.0,0.2509090909090909,1.0,0.0,HIGH,ACTIONABLE_DESCRIPTIVE,DESCRIPTIVE,treatment_initiation
mhspc_mcspc,mHSPC/mCSPC,active_surveillance_status,<missing>,60,mixed,2369,2281,2281,0,0,2281,0,1255,1026,0.5501972818939062,0.44980271810609385,0.5297142062511541,0.57051155994638,289.0,0.2302788844621514,1.0,0.0,HIGH,ACTIONABLE_DESCRIPTIVE,DESCRIPTIVE,treatment_initiation
mhspc_mcspc,mHSPC/mCSPC,active_surveillance_status,<missing>,90,mixed,2369,2281,2281,0,0,2281,0,1700,581,0.7452871547566856,0.2547128452433144,0.7270044800447014,0.7627450063091884,379.0,0.22294117647058823,1.0,0.0,HIGH,ACTIONABLE_DESCRIPTIVE,DESCRIPTIVE,treatment_initiation
mhspc_mcspc,mHSPC/mCSPC,care_setting,academic_oncology,30,mixed,527,506,506,0,0,506,0,52,454,0.10276679841897234,0.8972332015810277,0.0792322028687286,0.13228761034384562,10.0,0.19230769230769232,1.0,0.0,HIGH,ACTIONABLE_DESCRIPTIVE,DESCRIPTIVE,treatment_initiation
mhspc_mcspc,mHSPC/mCSPC,care_setting,academic_oncology,60,mixed,527,506,506,0,0,506,0,258,248,0.5098814229249012,0.49011857707509876,0.4664135102147863,0.5532004247799259,59.0,0.22868217054263565,1.0,0.0,HIGH,ACTIONABLE_DESCRIPTIVE,DESCRIPTIVE,treatment_initiation
mhspc_mcspc,mHSPC/mCSPC,care_setting,academic_oncology,90,mixed,527,506,506,0,0,506,0,357,149,0.7055335968379447,0.2944664031620553,0.6643892626345755,0.7435805852554358,80.0,0.22408963585434175,1.0,0.0,HIGH,ACTIONABLE_DESCRIPTIVE,DESCRIPTIVE,treatment_initiation
mhspc_mcspc,mHSPC/mCSPC,care_setting,community_oncology,30,deep,204,200,200,0,0,200,0,41,159,0.205,0.795,0.15486094831106376,0.26625819518074556,8.0,0.1951219512195122,1.0,0.0,HIGH,ACTIONABLE_DESCRIPTIVE,DESCRIPTIVE,treatment_initiation
mhspc_mcspc,mHSPC/mCSPC,care_setting,community_oncology,60,deep,204,200,200,0,0,200,0,139,61,0.695,0.30500000000000005,0.6280132012185453,0.7546368564733095,29.0,0.20863309352517986,1.0,0.0,HIGH,ACTIONABLE_DESCRIPTIVE,DESCRIPTIVE,treatment_initiation
mhspc_mcspc,mHSPC/mCSPC,care_setting,community_oncology,90,deep,204,200,200,0,0,200,0,156,44,0.78,0.21999999999999997,0.7176107720803744,0.8318354646053661,34.0,0.21794871794871795,1.0,0.0,HIGH,ACTIONABLE_DESCRIPTIVE,DESCRIPTIVE,treatment_initiation
mhspc_mcspc,mHSPC/mCSPC,care_setting,community_urology,30,mixed,1233,1185,1185,0,0,1185,0,141,1044,0.1189873417721519,0.8810126582278481,0.10177241681513727,0.1386646607568454,42.0,0.2978723404255319,1.0,0.0,HIGH,ACTIONABLE_DESCRIPTIVE,DESCRIPTIVE,treatment_initiation
mhspc_mcspc,mHSPC/mCSPC,care_setting,community_urology,60,mixed,1233,1185,1185,0,0,1185,0,658,527,0.5552742616033756,0.44472573839662444,0.5268466766511162,0.583344622172882,158.0,0.24012158054711247,1.0,0.0,HIGH,ACTIONABLE_DESCRIPTIVE,DESCRIPTIVE,treatment_initiation
mhspc_mcspc,mHSPC/mCSPC,care_setting,community_urology,90,mixed,1233,1185,1185,0,0,1185,0,900,285,0.759493670886076,0.240506329113924,0.7343455417479765,0.782964754257816,199.0,0.22111111111111112,1.0,0.0,HIGH,ACTIONABLE_DESCRIPTIVE,DESCRIPTIVE,treatment_initiation
mhspc_mcspc,mHSPC/mCSPC,care_setting,mixed_pathway,30,mixed,405,390,390,0,0,390,0,41,349,0.10512820512820513,0.8948717948717949,0.07844345616280823,0.13951625149631156,9.0,0.21951219512195122,1.0,0.0,HIGH,ACTIONABLE_DESCRIPTIVE,DESCRIPTIVE,treatment_initiation
mhspc_mcspc,mHSPC/mCSPC,care_setting,mixed_pathway,60,mixed,405,390,390,0,0,390,0,200,190,0.5128205128205128,0.4871794871794872,0.4633299226419527,0.5620609959405434,43.0,0.215,1.0,0.0,HIGH,ACTIONABLE_DESCRIPTIVE,DESCRIPTIVE,treatment_initiation
mhspc_mcspc,mHSPC/mCSPC,care_setting,mixed_pathway,90,mixed,405,390,390,0,0,390,0,287,103,0.735897435897436,0.26410256410256405,0.6899955116878211,0.7771973902301073,66.0,0.22996515679442509,1.0,0.0,HIGH,ACTIONABLE_DESCRIPTIVE,DESCRIPTIVE,treatment_initiation
mhspc_mcspc,mHSPC/mCSPC,provider_specialty,urology,30,mixed,2369,2281,2281,0,0,2281,0,275,2006,0.12056115738711091,0.8794388426128891,0.10783225290274465,0.1345659947482085,69.0,0.2509090909090909,1.0,0.0,HIGH,ACTIONABLE_DESCRIPTIVE,DESCRIPTIVE,treatment_initiation
mhspc_mcspc,mHSPC/mCSPC,provider_specialty,urology,60,mixed,2369,2281,2281,0,0,2281,0,1255,1026,0.5501972818939062,0.44980271810609385,0.5297142062511541,0.57051155994638,289.0,0.2302788844621514,1.0,0.0,HIGH,ACTIONABLE_DESCRIPTIVE,DESCRIPTIVE,treatment_initiation
mhspc_mcspc,mHSPC/mCSPC,provider_specialty,urology,90,mixed,2369,2281,2281,0,0,2281,0,1700,581,0.7452871547566856,0.2547128452433144,0.7270044800447014,0.7627450063091884,379.0,0.22294117647058823,1.0,0.0,HIGH,ACTIONABLE_DESCRIPTIVE,DESCRIPTIVE,treatment_initiation
mhspc_mcspc,mHSPC/mCSPC,academic_vs_community,academic,30,mixed,527,506,506,0,0,506,0,52,454,0.10276679841897234,0.8972332015810277,0.0792322028687286,0.13228761034384562,10.0,0.19230769230769232,1.0,0.0,HIGH,ACTIONABLE_DESCRIPTIVE,DESCRIPTIVE,treatment_initiation
mhspc_mcspc,mHSPC/mCSPC,academic_vs_community,academic,60,mixed,527,506,506,0,0,506,0,258,248,0.5098814229249012,0.49011857707509876,0.4664135102147863,0.5532004247799259,59.0,0.22868217054263565,1.0,0.0,HIGH,ACTIONABLE_DESCRIPTIVE,DESCRIPTIVE,treatment_initiation
mhspc_mcspc,mHSPC/mCSPC,academic_vs_community,academic,90,mixed,527,506,506,0,0,506,0,357,149,0.7055335968379447,0.2944664031620553,0.6643892626345755,0.7435805852554358,80.0,0.22408963585434175,1.0,0.0,HIGH,ACTIONABLE_DESCRIPTIVE,DESCRIPTIVE,treatment_initiation
mhspc_mcspc,mHSPC/mCSPC,academic_vs_community,community,30,mixed,1437,1385,1385,0,0,1385,0,182,1203,0.13140794223826716,0.8685920577617329,0.1146298533784387,0.15022511640357242,50.0,0.27472527472527475,1.0,0.0,HIGH,ACTIONABLE_DESCRIPTIVE,DESCRIPTIVE,treatment_initiation
mhspc_mcspc,mHSPC/mCSPC,academic_vs_community,community,60,mixed,1437,1385,1385,0,0,1385,0,797,588,0.5754512635379061,0.4245487364620939,0.5492462487435974,0.6012388749738948,187.0,0.23462986198243413,1.0,0.0,HIGH,ACTIONABLE_DESCRIPTIVE,DESCRIPTIVE,treatment_initiation
mhspc_mcspc,mHSPC/mCSPC,academic_vs_community,community,90,mixed,1437,1385,1385,0,0,1385,0,1056,329,0.7624548736462093,0.23754512635379066,0.7393345767484437,0.7841232459435031,233.0,0.2206439393939394,1.0,0.0,HIGH,ACTIONABLE_DESCRIPTIVE,DESCRIPTIVE,treatment_initiation
mhspc_mcspc,mHSPC/mCSPC,academic_vs_community,mixed_or_other,30,mixed,405,390,390,0,0,390,0,41,349,0.10512820512820513,0.8948717948717949,0.07844345616280823,0.13951625149631156,9.0,0.21951219512195122,1.0,0.0,HIGH,ACTIONABLE_DESCRIPTIVE,DESCRIPTIVE,treatment_initiation
mhspc_mcspc,mHSPC/mCSPC,academic_vs_community,mixed_or_other,60,mixed,405,390,390,0,0,390,0,200,190,0.5128205128205128,0.4871794871794872,0.4633299226419527,0.5620609959405434,43.0,0.215,1.0,0.0,HIGH,ACTIONABLE_DESCRIPTIVE,DESCRIPTIVE,treatment_initiation
mhspc_mcspc,mHSPC/mCSPC,academic_vs_community,mixed_or_other,90,mixed,405,390,390,0,0,390,0,287,103,0.735897435897436,0.26410256410256405,0.6899955116878211,0.7771973902301073,66.0,0.22996515679442509,1.0,0.0,HIGH,ACTIONABLE_DESCRIPTIVE,DESCRIPTIVE,treatment_initiation
mhspc_mcspc,mHSPC/mCSPC,age_band,65-74,30,mixed,1036,1003,1003,0,0,1003,0,117,886,0.11665004985044865,0.8833499501495513,0.09823059625375016,0.13799484377574406,30.0,0.2564102564102564,1.0,0.0,HIGH,ACTIONABLE_DESCRIPTIVE,DESCRIPTIVE,treatment_initiation
mhspc_mcspc,mHSPC/mCSPC,age_band,65-74,60,mixed,1036,1003,1003,0,0,1003,0,555,448,0.5533399800598205,0.44666001994017945,0.5224271840911731,0.5838457390776749,119.0,0.21441441441441442,1.0,0.0,HIGH,ACTIONABLE_DESCRIPTIVE,DESCRIPTIVE,treatment_initiation
mhspc_mcspc,mHSPC/mCSPC,age_band,65-74,90,mixed,1036,1003,1003,0,0,1003,0,741,262,0.7387836490528414,0.26121635094715856,0.7107220000979676,0.7650231419382773,157.0,0.21187584345479082,1.0,0.0,HIGH,ACTIONABLE_DESCRIPTIVE,DESCRIPTIVE,treatment_initiation
mhspc_mcspc,mHSPC/mCSPC,age_band,75-84,30,mixed,588,565,565,0,0,565,0,82,483,0.14513274336283186,0.8548672566371681,0.1184839962846431,0.1765745929605879,23.0,0.2804878048780488,1.0,0.0,HIGH,ACTIONABLE_DESCRIPTIVE,DESCRIPTIVE,treatment_initiation
mhspc_mcspc,mHSPC/mCSPC,age_band,75-84,60,mixed,588,565,565,0,0,565,0,319,246,0.5646017699115045,0.43539823008849554,0.5234181053705659,0.6049128746421478,82.0,0.25705329153605017,1.0,0.0,HIGH,ACTIONABLE_DESCRIPTIVE,DESCRIPTIVE,treatment_initiation
mhspc_mcspc,mHSPC/mCSPC,age_band,75-84,90,mixed,588,565,565,0,0,565,0,421,144,0.7451327433628319,0.25486725663716814,0.7076265603233062,0.7793279802728809,101.0,0.23990498812351543,1.0,0.0,HIGH,ACTIONABLE_DESCRIPTIVE,DESCRIPTIVE,treatment_initiation
mhspc_mcspc,mHSPC/mCSPC,age_band,85+,30,mixed,79,72,72,0,0,72,0,9,63,0.125,0.875,0.06717708293105555,0.22081262192749168,1.0,0.1111111111111111,1.0,0.0,MEDIUM,ACTIONABLE_DESCRIPTIVE,DESCRIPTIVE,treatment_initiation
mhspc_mcspc,mHSPC/mCSPC,age_band,85+,60,mixed,79,72,72,0,0,72,0,37,35,0.5138888888888888,0.48611111111111116,0.40069555910198956,0.625675192569916,10.0,0.2702702702702703,1.0,0.0,MEDIUM,ACTIONABLE_DESCRIPTIVE,DESCRIPTIVE,treatment_initiation
mhspc_mcspc,mHSPC/mCSPC,age_band,85+,90,mixed,79,72,72,0,0,72,0,53,19,0.7361111111111112,0.26388888888888884,0.6242391943879235,0.8240635840344728,13.0,0.24528301886792453,1.0,0.0,MEDIUM,ACTIONABLE_DESCRIPTIVE,DESCRIPTIVE,treatment_initiation
mhspc_mcspc,mHSPC/mCSPC,age_band,<65,30,mixed,666,641,641,0,0,641,0,67,574,0.10452418096723869,0.8954758190327613,0.08314921359061944,0.13061118896405444,15.0,0.22388059701492538,1.0,0.0,HIGH,ACTIONABLE_DESCRIPTIVE,DESCRIPTIVE,treatment_initiation
mhspc_mcspc,mHSPC/mCSPC,age_band,<65,60,mixed,666,641,641,0,0,641,0,344,297,0.5366614664586583,0.4633385335413417,0.49795411772120535,0.5749319988072569,78.0,0.22674418604651161,1.0,0.0,HIGH,ACTIONABLE_DESCRIPTIVE,DESCRIPTIVE,treatment_initiation
mhspc_mcspc,mHSPC/mCSPC,age_band,<65,90,mixed,666,641,641,0,0,641,0,485,156,0.7566302652106084,0.2433697347893916,0.721945045843368,0.7882577698558673,108.0,0.22268041237113403,1.0,0.0,HIGH,ACTIONABLE_DESCRIPTIVE,DESCRIPTIVE,treatment_initiation
mhspc_mcspc,mHSPC/mCSPC,comorbidity_band,0-1,30,mixed,1168,1133,1133,0,0,1133,0,148,985,0.13062665489849956,0.8693733451015004,0.11224553032817743,0.1515041424494549,31.0,0.20945945945945946,1.0,0.0,HIGH,ACTIONABLE_DESCRIPTIVE,DESCRIPTIVE,treatment_initiation
mhspc_mcspc,mHSPC/mCSPC,comorbidity_band,0-1,60,mixed,1168,1133,1133,0,0,1133,0,634,499,0.559576345984113,0.440423654015887,0.5305160015356047,0.5882340512421964,135.0,0.21293375394321767,1.0,0.0,HIGH,ACTIONABLE_DESCRIPTIVE,DESCRIPTIVE,treatment_initiation
mhspc_mcspc,mHSPC/mCSPC,comorbidity_band,0-1,90,mixed,1168,1133,1133,0,0,1133,0,864,269,0.7625772285966461,0.23742277140335388,0.7369391764543016,0.7864406857886002,187.0,0.21643518518518517,1.0,0.0,HIGH,ACTIONABLE_DESCRIPTIVE,DESCRIPTIVE,treatment_initiation
mhspc_mcspc,mHSPC/mCSPC,comorbidity_band,2-3,30,mixed,952,915,915,0,0,915,0,106,809,0.11584699453551912,0.8841530054644808,0.09669699609267421,0.13820921625121618,35.0,0.330188679245283,1.0,0.0,HIGH,ACTIONABLE_DESCRIPTIVE,DESCRIPTIVE,treatment_initiation
mhspc_mcspc,mHSPC/mCSPC,comorbidity_band,2-3,60,mixed,952,915,915,0,0,915,0,509,406,0.5562841530054645,0.4437158469945355,0.5239234582005278,0.5881742091231982,139.0,0.2730844793713163,1.0,0.0,HIGH,ACTIONABLE_DESCRIPTIVE,DESCRIPTIVE,treatment_initiation
mhspc_mcspc,mHSPC/mCSPC,comorbidity_band,2-3,90,mixed,952,915,915,0,0,915,0,690,225,0.7540983606557377,0.24590163934426235,0.7251718120374705,0.7809001812201267,172.0,0.2492753623188406,1.0,0.0,HIGH,ACTIONABLE_DESCRIPTIVE,DESCRIPTIVE,treatment_initiation
mhspc_mcspc,mHSPC/mCSPC,comorbidity_band,4+,30,mixed,249,233,233,0,0,233,0,21,212,0.09012875536480687,0.9098712446351931,0.0597048469942737,0.13384898814279683,3.0,0.14285714285714285,1.0,0.0,HIGH,ACTIONABLE_DESCRIPTIVE,DESCRIPTIVE,treatment_initiation
mhspc_mcspc,mHSPC/mCSPC,comorbidity_band,4+,60,mixed,249,233,233,0,0,233,0,112,121,0.48068669527896996,0.5193133047210301,0.4173675868823956,0.5446323320507648,15.0,0.13392857142857142,1.0,0.0,HIGH,ACTIONABLE_DESCRIPTIVE,DESCRIPTIVE,treatment_initiation
mhspc_mcspc,mHSPC/mCSPC,comorbidity_band,4+,90,mixed,249,233,233,0,0,233,0,146,87,0.6266094420600858,0.37339055793991416,0.5629178423214258,0.686193800227856,20.0,0.136986301369863,1.0,0.0,HIGH,ACTIONABLE_DESCRIPTIVE,DESCRIPTIVE,treatment_initiation
mhspc_mcspc,mHSPC/mCSPC,metastatic_site,bone,30,mixed,1235,1190,1190,0,0,1190,0,124,1066,0.10420168067226891,0.8957983193277311,0.08809750165267846,0.12285309681867651,31.0,0.25,1.0,0.0,HIGH,ACTIONABLE_DESCRIPTIVE,DESCRIPTIVE,treatment_initiation
mhspc_mcspc,mHSPC/mCSPC,metastatic_site,bone,60,mixed,1235,1190,1190,0,0,1190,0,647,543,0.5436974789915966,0.4563025210084034,0.5153020052708122,0.5718117290805456,150.0,0.23183925811437403,1.0,0.0,HIGH,ACTIONABLE_DESCRIPTIVE,DESCRIPTIVE,treatment_initiation
mhspc_mcspc,mHSPC/mCSPC,metastatic_site,bone,90,mixed,1235,1190,1190,0,0,1190,0,894,296,0.7512605042016807,0.24873949579831933,0.7259169723602196,0.7749870001600879,196.0,0.21923937360178972,1.0,0.0,HIGH,ACTIONABLE_DESCRIPTIVE,DESCRIPTIVE,treatment_initiation
mhspc_mcspc,mHSPC/mCSPC,metastatic_site,lymph_node,30,mixed,441,421,421,0,0,421,0,55,366,0.13064133016627077,0.8693586698337292,0.10176102915852872,0.166201430261641,10.0,0.18181818181818182,1.0,0.0,HIGH,ACTIONABLE_DESCRIPTIVE,DESCRIPTIVE,treatment_initiation
mhspc_mcspc,mHSPC/mCSPC,metastatic_site,lymph_node,60,mixed,441,421,421,0,0,421,0,228,193,0.5415676959619953,0.4584323040380047,0.4938090797938455,0.5885745662521162,49.0,0.2149122807017544,1.0,0.0,HIGH,ACTIONABLE_DESCRIPTIVE,DESCRIPTIVE,treatment_initiation
mhspc_mcspc,mHSPC/mCSPC,metastatic_site,lymph_node,90,mixed,441,421,421,0,0,421,0,309,112,0.7339667458432304,0.2660332541567696,0.689778602152145,0.7739236341636959,69.0,0.22330097087378642,1.0,0.0,HIGH,ACTIONABLE_DESCRIPTIVE,DESCRIPTIVE,treatment_initiation
mhspc_mcspc,mHSPC/mCSPC,metastatic_site,multiple,30,mixed,432,415,415,0,0,415,0,59,356,0.14216867469879518,0.8578313253012049,0.11184482124776686,0.1790565600858925,15.0,0.2542372881355932,1.0,0.0,HIGH,ACTIONABLE_DESCRIPTIVE,DESCRIPTIVE,treatment_initiation
mhspc_mcspc,mHSPC/mCSPC,metastatic_site,multiple,60,mixed,432,415,415,0,0,415,0,247,168,0.5951807228915663,0.4048192771084337,0.5472900633528551,0.6413253941375184,58.0,0.23481781376518218,1.0,0.0,HIGH,ACTIONABLE_DESCRIPTIVE,DESCRIPTIVE,treatment_initiation
mhspc_mcspc,mHSPC/mCSPC,metastatic_site,multiple,90,mixed,432,415,415,0,0,415,0,312,103,0.7518072289156627,0.24819277108433735,0.7080638662690341,0.7909314579776502,73.0,0.23397435897435898,1.0,0.0,HIGH,ACTIONABLE_DESCRIPTIVE,DESCRIPTIVE,treatment_initiation
mhspc_mcspc,mHSPC/mCSPC,metastatic_site,unknown,30,mixed,63,61,61,0,0,61,0,12,49,0.19672131147540983,0.8032786885245902,0.11627688559536849,0.3131017848877781,5.0,0.4166666666666667,1.0,0.0,MEDIUM,ACTIONABLE_DESCRIPTIVE,DESCRIPTIVE,treatment_initiation
mhspc_mcspc,mHSPC/mCSPC,metastatic_site,unknown,60,mixed,63,61,61,0,0,61,0,34,27,0.5573770491803278,0.4426229508196722,0.4330314670045551,0.6749239196607956,9.0,0.2647058823529412,1.0,0.0,MEDIUM,ACTIONABLE_DESCRIPTIVE,DESCRIPTIVE,treatment_initiation
mhspc_mcspc,mHSPC/mCSPC,metastatic_site,unknown,90,mixed,63,61,61,0,0,61,0,46,15,0.7540983606557377,0.24590163934426235,0.6331533709421812,0.8449347700043716,10.0,0.21739130434782608,1.0,0.0,MEDIUM,ACTIONABLE_DESCRIPTIVE,DESCRIPTIVE,treatment_initiation
mhspc_mcspc,mHSPC/mCSPC,metastatic_site,visceral,30,mixed,198,194,194,0,0,194,0,25,169,0.12886597938144329,0.8711340206185567,0.08883120372091921,0.18331378499732812,8.0,0.32,1.0,0.0,HIGH,ACTIONABLE_DESCRIPTIVE,DESCRIPTIVE,treatment_initiation
mhspc_mcspc,mHSPC/mCSPC,metastatic_site,visceral,60,mixed,198,194,194,0,0,194,0,99,95,0.5103092783505154,0.4896907216494846,0.4404501789806291,0.5797680157771973,23.0,0.23232323232323232,1.0,0.0,HIGH,ACTIONABLE_DESCRIPTIVE,DESCRIPTIVE,treatment_initiation
mhspc_mcspc,mHSPC/mCSPC,metastatic_site,visceral,90,mixed,198,194,194,0,0,194,0,139,55,0.7164948453608248,0.28350515463917525,0.6493469476892646,0.7752351422250912,31.0,0.22302158273381295,1.0,0.0,HIGH,ACTIONABLE_DESCRIPTIVE,DESCRIPTIVE,treatment_initiation
mhspc_mcspc,mHSPC/mCSPC,calendar_period,2019-2020,30,mixed,856,818,818,0,0,818,0,92,726,0.11246943765281174,0.8875305623471883,0.0926042259088462,0.1359575796751009,22.0,0.2391304347826087,1.0,0.0,HIGH,ACTIONABLE_DESCRIPTIVE,DESCRIPTIVE,treatment_initiation
mhspc_mcspc,mHSPC/mCSPC,calendar_period,2019-2020,60,mixed,856,818,818,0,0,818,0,447,371,0.5464547677261614,0.4535452322738386,0.5122000728785774,0.5802751680924323,98.0,0.21923937360178972,1.0,0.0,HIGH,ACTIONABLE_DESCRIPTIVE,DESCRIPTIVE,treatment_initiation
mhspc_mcspc,mHSPC/mCSPC,calendar_period,2019-2020,90,mixed,856,818,818,0,0,818,0,599,219,0.7322738386308069,0.26772616136919314,0.7008964249199487,0.7614797799350987,127.0,0.21202003338898165,1.0,0.0,HIGH,ACTIONABLE_DESCRIPTIVE,DESCRIPTIVE,treatment_initiation
mhspc_mcspc,mHSPC/mCSPC,calendar_period,2021-2022,30,mixed,806,779,779,0,0,779,0,99,680,0.12708600770218229,0.8729139922978177,0.10551224150221147,0.15231973881155828,27.0,0.2727272727272727,1.0,0.0,HIGH,ACTIONABLE_DESCRIPTIVE,DESCRIPTIVE,treatment_initiation
mhspc_mcspc,mHSPC/mCSPC,calendar_period,2021-2022,60,mixed,806,779,779,0,0,779,0,433,346,0.5558408215661104,0.44415917843388963,0.5207589528289934,0.5903746404803044,108.0,0.24942263279445728,1.0,0.0,HIGH,ACTIONABLE_DESCRIPTIVE,DESCRIPTIVE,treatment_initiation
mhspc_mcspc,mHSPC/mCSPC,calendar_period,2021-2022,90,mixed,806,779,779,0,0,779,0,581,198,0.7458279845956355,0.2541720154043645,0.7140976231511089,0.7751456669346506,141.0,0.24268502581755594,1.0,0.0,HIGH,ACTIONABLE_DESCRIPTIVE,DESCRIPTIVE,treatment_initiation
mhspc_mcspc,mHSPC/mCSPC,calendar_period,2023-2024,30,mixed,707,684,684,0,0,684,0,84,600,0.12280701754385964,0.8771929824561404,0.1002948439657174,0.14953244185124973,20.0,0.23809523809523808,1.0,0.0,HIGH,ACTIONABLE_DESCRIPTIVE,DESCRIPTIVE,treatment_initiation
mhspc_mcspc,mHSPC/mCSPC,calendar_period,2023-2024,60,mixed,707,684,684,0,0,684,0,375,309,0.5482456140350878,0.45175438596491224,0.5107830924586197,0.5851692314485125,83.0,0.22133333333333333,1.0,0.0,HIGH,ACTIONABLE_DESCRIPTIVE,DESCRIPTIVE,treatment_initiation
mhspc_mcspc,mHSPC/mCSPC,calendar_period,2023-2024,90,mixed,707,684,684,0,0,684,0,520,164,0.7602339181286549,0.23976608187134507,0.7268409109870622,0.7907201088756504,111.0,0.21346153846153845,1.0,0.0,HIGH,ACTIONABLE_DESCRIPTIVE,DESCRIPTIVE,treatment_initiation
mhspc_mcspc,mHSPC/mCSPC,prior_treatment_status,no_prior_treatment_observed,30,mixed,2369,2281,2281,0,0,2281,0,275,2006,0.12056115738711091,0.8794388426128891,0.10783225290274465,0.1345659947482085,69.0,0.2509090909090909,1.0,0.0,HIGH,ACTIONABLE_DESCRIPTIVE,DESCRIPTIVE,treatment_initiation
mhspc_mcspc,mHSPC/mCSPC,prior_treatment_status,no_prior_treatment_observed,60,mixed,2369,2281,2281,0,0,2281,0,1255,1026,0.5501972818939062,0.44980271810609385,0.5297142062511541,0.57051155994638,289.0,0.2302788844621514,1.0,0.0,HIGH,ACTIONABLE_DESCRIPTIVE,DESCRIPTIVE,treatment_initiation
mhspc_mcspc,mHSPC/mCSPC,prior_treatment_status,no_prior_treatment_observed,90,mixed,2369,2281,2281,0,0,2281,0,1700,581,0.7452871547566856,0.2547128452433144,0.7270044800447014,0.7627450063091884,379.0,0.22294117647058823,1.0,0.0,HIGH,ACTIONABLE_DESCRIPTIVE,DESCRIPTIVE,treatment_initiation
nmcrpc,nmCRPC,overall,ALL,30,mixed,0,0,0,0,0,0,0,0,0,,,,,,,,,NOT COMPUTABLE,NOT_COMPUTABLE,NOT COMPUTABLE,not_computable
nmcrpc,nmCRPC,overall,ALL,60,mixed,0,0,0,0,0,0,0,0,0,,,,,,,,,NOT COMPUTABLE,NOT_COMPUTABLE,NOT COMPUTABLE,not_computable
nmcrpc,nmCRPC,overall,ALL,90,mixed,0,0,0,0,0,0,0,0,0,,,,,,,,,NOT COMPUTABLE,NOT_COMPUTABLE,NOT COMPUTABLE,not_computable
nmcrpc,nmCRPC,market,NOT_AVAILABLE,30,mixed,0,0,0,0,0,0,0,0,0,,,,,,,,,NOT COMPUTABLE,NOT_COMPUTABLE,NOT COMPUTABLE,not_computable
nmcrpc,nmCRPC,market,NOT_AVAILABLE,60,mixed,0,0,0,0,0,0,0,0,0,,,,,,,,,NOT COMPUTABLE,NOT_COMPUTABLE,NOT COMPUTABLE,not_computable
nmcrpc,nmCRPC,market,NOT_AVAILABLE,90,mixed,0,0,0,0,0,0,0,0,0,,,,,,,,,NOT COMPUTABLE,NOT_COMPUTABLE,NOT COMPUTABLE,not_computable
nmcrpc,nmCRPC,market_group,NOT_AVAILABLE,30,mixed,0,0,0,0,0,0,0,0,0,,,,,,,,,NOT COMPUTABLE,NOT_COMPUTABLE,NOT COMPUTABLE,not_computable
nmcrpc,nmCRPC,market_group,NOT_AVAILABLE,60,mixed,0,0,0,0,0,0,0,0,0,,,,,,,,,NOT COMPUTABLE,NOT_COMPUTABLE,NOT COMPUTABLE,not_computable
nmcrpc,nmCRPC,market_group,NOT_AVAILABLE,90,mixed,0,0,0,0,0,0,0,0,0,,,,,,,,,NOT COMPUTABLE,NOT_COMPUTABLE,NOT COMPUTABLE,not_computable
nmcrpc,nmCRPC,disease_state,NOT_AVAILABLE,30,mixed,0,0,0,0,0,0,0,0,0,,,,,,,,,NOT COMPUTABLE,NOT_COMPUTABLE,NOT COMPUTABLE,not_computable
nmcrpc,nmCRPC,disease_state,NOT_AVAILABLE,60,mixed,0,0,0,0,0,0,0,0,0,,,,,,,,,NOT COMPUTABLE,NOT_COMPUTABLE,NOT COMPUTABLE,not_computable
nmcrpc,nmCRPC,disease_state,NOT_AVAILABLE,90,mixed,0,0,0,0,0,0,0,0,0,,,,,,,,,NOT COMPUTABLE,NOT_COMPUTABLE,NOT COMPUTABLE,not_computable
nmcrpc,nmCRPC,active_surveillance_status,NOT_AVAILABLE,30,mixed,0,0,0,0,0,0,0,0,0,,,,,,,,,NOT COMPUTABLE,NOT_COMPUTABLE,NOT COMPUTABLE,not_computable
nmcrpc,nmCRPC,active_surveillance_status,NOT_AVAILABLE,60,mixed,0,0,0,0,0,0,0,0,0,,,,,,,,,NOT COMPUTABLE,NOT_COMPUTABLE,NOT COMPUTABLE,not_computable
nmcrpc,nmCRPC,active_surveillance_status,NOT_AVAILABLE,90,mixed,0,0,0,0,0,0,0,0,0,,,,,,,,,NOT COMPUTABLE,NOT_COMPUTABLE,NOT COMPUTABLE,not_computable
nmcrpc,nmCRPC,care_setting,NOT_AVAILABLE,30,mixed,0,0,0,0,0,0,0,0,0,,,,,,,,,NOT COMPUTABLE,NOT_COMPUTABLE,NOT COMPUTABLE,not_computable
nmcrpc,nmCRPC,care_setting,NOT_AVAILABLE,60,mixed,0,0,0,0,0,0,0,0,0,,,,,,,,,NOT COMPUTABLE,NOT_COMPUTABLE,NOT COMPUTABLE,not_computable
nmcrpc,nmCRPC,care_setting,NOT_AVAILABLE,90,mixed,0,0,0,0,0,0,0,0,0,,,,,,,,,NOT COMPUTABLE,NOT_COMPUTABLE,NOT COMPUTABLE,not_computable
nmcrpc,nmCRPC,provider_specialty,NOT_AVAILABLE,30,mixed,0,0,0,0,0,0,0,0,0,,,,,,,,,NOT COMPUTABLE,NOT_COMPUTABLE,NOT COMPUTABLE,not_computable
nmcrpc,nmCRPC,provider_specialty,NOT_AVAILABLE,60,mixed,0,0,0,0,0,0,0,0,0,,,,,,,,,NOT COMPUTABLE,NOT_COMPUTABLE,NOT COMPUTABLE,not_computable
nmcrpc,nmCRPC,provider_specialty,NOT_AVAILABLE,90,mixed,0,0,0,0,0,0,0,0,0,,,,,,,,,NOT COMPUTABLE,NOT_COMPUTABLE,NOT COMPUTABLE,not_computable
nmcrpc,nmCRPC,academic_vs_community,NOT_AVAILABLE,30,mixed,0,0,0,0,0,0,0,0,0,,,,,,,,,NOT COMPUTABLE,NOT_COMPUTABLE,NOT COMPUTABLE,not_computable
nmcrpc,nmCRPC,academic_vs_community,NOT_AVAILABLE,60,mixed,0,0,0,0,0,0,0,0,0,,,,,,,,,NOT COMPUTABLE,NOT_COMPUTABLE,NOT COMPUTABLE,not_computable
nmcrpc,nmCRPC,academic_vs_community,NOT_AVAILABLE,90,mixed,0,0,0,0,0,0,0,0,0,,,,,,,,,NOT COMPUTABLE,NOT_COMPUTABLE,NOT COMPUTABLE,not_computable
nmcrpc,nmCRPC,age_band,NOT_AVAILABLE,30,mixed,0,0,0,0,0,0,0,0,0,,,,,,,,,NOT COMPUTABLE,NOT_COMPUTABLE,NOT COMPUTABLE,not_computable
nmcrpc,nmCRPC,age_band,NOT_AVAILABLE,60,mixed,0,0,0,0,0,0,0,0,0,,,,,,,,,NOT COMPUTABLE,NOT_COMPUTABLE,NOT COMPUTABLE,not_computable
nmcrpc,nmCRPC,age_band,NOT_AVAILABLE,90,mixed,0,0,0,0,0,0,0,0,0,,,,,,,,,NOT COMPUTABLE,NOT_COMPUTABLE,NOT COMPUTABLE,not_computable
nmcrpc,nmCRPC,comorbidity_band,NOT_AVAILABLE,30,mixed,0,0,0,0,0,0,0,0,0,,,,,,,,,NOT COMPUTABLE,NOT_COMPUTABLE,NOT COMPUTABLE,not_computable
nmcrpc,nmCRPC,comorbidity_band,NOT_AVAILABLE,60,mixed,0,0,0,0,0,0,0,0,0,,,,,,,,,NOT COMPUTABLE,NOT_COMPUTABLE,NOT COMPUTABLE,not_computable
nmcrpc,nmCRPC,comorbidity_band,NOT_AVAILABLE,90,mixed,0,0,0,0,0,0,0,0,0,,,,,,,,,NOT COMPUTABLE,NOT_COMPUTABLE,NOT COMPUTABLE,not_computable
nmcrpc,nmCRPC,metastatic_site,NOT_AVAILABLE,30,mixed,0,0,0,0,0,0,0,0,0,,,,,,,,,NOT COMPUTABLE,NOT_COMPUTABLE,NOT COMPUTABLE,not_computable
nmcrpc,nmCRPC,metastatic_site,NOT_AVAILABLE,60,mixed,0,0,0,0,0,0,0,0,0,,,,,,,,,NOT COMPUTABLE,NOT_COMPUTABLE,NOT COMPUTABLE,not_computable
nmcrpc,nmCRPC,metastatic_site,NOT_AVAILABLE,90,mixed,0,0,0,0,0,0,0,0,0,,,,,,,,,NOT COMPUTABLE,NOT_COMPUTABLE,NOT COMPUTABLE,not_computable
nmcrpc,nmCRPC,calendar_period,NOT_AVAILABLE,30,mixed,0,0,0,0,0,0,0,0,0,,,,,,,,,NOT COMPUTABLE,NOT_COMPUTABLE,NOT COMPUTABLE,not_computable
nmcrpc,nmCRPC,calendar_period,NOT_AVAILABLE,60,mixed,0,0,0,0,0,0,0,0,0,,,,,,,,,NOT COMPUTABLE,NOT_COMPUTABLE,NOT COMPUTABLE,not_computable
nmcrpc,nmCRPC,calendar_period,NOT_AVAILABLE,90,mixed,0,0,0,0,0,0,0,0,0,,,,,,,,,NOT COMPUTABLE,NOT_COMPUTABLE,NOT COMPUTABLE,not_computable
nmcrpc,nmCRPC,prior_treatment_status,NOT_AVAILABLE,30,mixed,0,0,0,0,0,0,0,0,0,,,,,,,,,NOT COMPUTABLE,NOT_COMPUTABLE,NOT COMPUTABLE,not_computable
nmcrpc,nmCRPC,prior_treatment_status,NOT_AVAILABLE,60,mixed,0,0,0,0,0,0,0,0,0,,,,,,,,,NOT COMPUTABLE,NOT_COMPUTABLE,NOT COMPUTABLE,not_computable
nmcrpc,nmCRPC,prior_treatment_status,NOT_AVAILABLE,90,mixed,0,0,0,0,0,0,0,0,0,,,,,,,,,NOT COMPUTABLE,NOT_COMPUTABLE,NOT COMPUTABLE,not_computable
mcrpc,mCRPC,overall,ALL,30,mixed,362,346,0,346,0,341,5,2,339,0.005865102639296188,0.9941348973607038,0.0016098652836885469,0.021129850574258983,,,0.9855491329479769,0.0,LOW,DIRECTIONAL_ONLY,PROXY-BASED,treatment_initiation
mcrpc,mCRPC,overall,ALL,60,mixed,362,346,0,346,0,337,9,2,335,0.005934718100890208,0.9940652818991098,0.001628991241610667,0.021377590114655703,,,0.9739884393063584,0.0,LOW,DIRECTIONAL_ONLY,PROXY-BASED,treatment_initiation
mcrpc,mCRPC,overall,ALL,90,mixed,362,346,0,346,0,332,14,3,329,0.009036144578313253,0.9909638554216867,0.0030777145017795333,0.026226576568772777,,,0.9595375722543352,0.0,LOW,DIRECTIONAL_ONLY,PROXY-BASED,treatment_initiation
mcrpc,mCRPC,market,AU,30,scan,24,22,0,22,0,22,0,0,22,0.0,1.0,1.3877787807814457e-17,0.14865952572596125,,,1.0,0.0,LOW,TOO_SMALL,PROXY-BASED,treatment_initiation
mcrpc,mCRPC,market,AU,60,scan,24,22,0,22,0,22,0,0,22,0.0,1.0,1.3877787807814457e-17,0.14865952572596125,,,1.0,0.0,LOW,TOO_SMALL,PROXY-BASED,treatment_initiation
mcrpc,mCRPC,market,AU,90,scan,24,22,0,22,0,21,1,0,21,0.0,1.0,0.0,0.15464382326420195,,,0.9545454545454546,0.0,LOW,TOO_SMALL,PROXY-BASED,treatment_initiation
mcrpc,mCRPC,market,CA,30,scan,28,26,0,26,0,26,0,0,26,0.0,1.0,0.0,0.12873304380462175,,,1.0,0.0,LOW,TOO_SMALL,PROXY-BASED,treatment_initiation
mcrpc,mCRPC,market,CA,60,scan,28,26,0,26,0,26,0,0,26,0.0,1.0,0.0,0.12873304380462175,,,1.0,0.0,LOW,TOO_SMALL,PROXY-BASED,treatment_initiation
mcrpc,mCRPC,market,CA,90,scan,28,26,0,26,0,25,1,0,25,0.0,1.0,0.0,0.13319649395317873,,,0.9615384615384616,0.0,LOW,TOO_SMALL,PROXY-BASED,treatment_initiation
mcrpc,mCRPC,market,CN,30,scan,53,51,0,51,0,51,0,0,51,0.0,1.0,0.0,0.07004901388726806,,,1.0,0.0,LOW,DIRECTIONAL_ONLY,PROXY-BASED,treatment_initiation
mcrpc,mCRPC,market,CN,60,scan,53,51,0,51,0,51,0,0,51,0.0,1.0,0.0,0.07004901388726806,,,1.0,0.0,LOW,DIRECTIONAL_ONLY,PROXY-BASED,treatment_initiation
mcrpc,mCRPC,market,CN,90,scan,53,51,0,51,0,51,0,1,50,0.0196078431372549,0.9803921568627451,0.003469603253442241,0.10304807675589372,,,1.0,0.0,LOW,DIRECTIONAL_ONLY,PROXY-BASED,treatment_initiation
mcrpc,mCRPC,market,DE,30,deep,56,55,0,55,0,53,2,0,53,0.0,1.0,0.0,0.06758430445307662,,,0.9636363636363636,0.0,LOW,DIRECTIONAL_ONLY,PROXY-BASED,treatment_initiation
mcrpc,mCRPC,market,DE,60,deep,56,55,0,55,0,51,4,0,51,0.0,1.0,0.0,0.07004901388726806,,,0.9272727272727272,0.0,LOW,DIRECTIONAL_ONLY,PROXY-BASED,treatment_initiation
mcrpc,mCRPC,market,DE,90,deep,56,55,0,55,0,50,5,0,50,0.0,1.0,0.0,0.07135003417431873,,,0.9090909090909091,0.0,LOW,DIRECTIONAL_ONLY,PROXY-BASED,treatment_initiation
mcrpc,mCRPC,market,FR,30,scan,30,28,0,28,0,28,0,0,28,0.0,1.0,0.0,0.12064720365810762,,,1.0,0.0,LOW,TOO_SMALL,PROXY-BASED,treatment_initiation
mcrpc,mCRPC,market,FR,60,scan,30,28,0,28,0,28,0,0,28,0.0,1.0,0.0,0.12064720365810762,,,1.0,0.0,LOW,TOO_SMALL,PROXY-BASED,treatment_initiation
mcrpc,mCRPC,market,FR,90,scan,30,28,0,28,0,28,0,0,28,0.0,1.0,0.0,0.12064720365810762,,,1.0,0.0,LOW,TOO_SMALL,PROXY-BASED,treatment_initiation
mcrpc,mCRPC,market,JP,30,deep,51,51,0,51,0,51,0,0,51,0.0,1.0,0.0,0.07004901388726806,,,1.0,0.0,LOW,DIRECTIONAL_ONLY,PROXY-BASED,treatment_initiation
mcrpc,mCRPC,market,JP,60,deep,51,51,0,51,0,49,2,0,49,0.0,1.0,0.0,0.07270029673590504,,,0.9607843137254902,0.0,LOW,DIRECTIONAL_ONLY,PROXY-BASED,treatment_initiation
mcrpc,mCRPC,market,JP,90,deep,51,51,0,51,0,48,3,0,48,0.0,1.0,0.0,0.0741026511527422,,,0.9411764705882353,0.0,LOW,DIRECTIONAL_ONLY,PROXY-BASED,treatment_initiation
mcrpc,mCRPC,market,US,30,deep,120,113,0,113,0,110,3,2,108,0.01818181818181818,0.9818181818181818,0.005000250085743785,0.06388142410014258,,,0.9734513274336283,0.0,LOW,DIRECTIONAL_ONLY,PROXY-BASED,treatment_initiation
mcrpc,mCRPC,market,US,60,deep,120,113,0,113,0,110,3,2,108,0.01818181818181818,0.9818181818181818,0.005000250085743785,0.06388142410014258,,,0.9734513274336283,0.0,LOW,DIRECTIONAL_ONLY,PROXY-BASED,treatment_initiation
mcrpc,mCRPC,market,US,90,deep,120,113,0,113,0,109,4,2,107,0.01834862385321101,0.981651376146789,0.0050462566124631555,0.06444584559097954,,,0.9646017699115044,0.0,LOW,DIRECTIONAL_ONLY,PROXY-BASED,treatment_initiation
mcrpc,mCRPC,market_group,Deep,30,deep,227,219,0,219,0,214,5,2,212,0.009345794392523364,0.9906542056074766,0.002566652909129337,0.03343014476404236,,,0.9771689497716894,0.0,LOW,DIRECTIONAL_ONLY,PROXY-BASED,treatment_initiation
mcrpc,mCRPC,market_group,Deep,60,deep,227,219,0,219,0,210,9,2,208,0.009523809523809525,0.9904761904761905,0.0026156146029230956,0.03405451880423435,,,0.958904109589041,0.0,LOW,DIRECTIONAL_ONLY,PROXY-BASED,treatment_initiation
mcrpc,mCRPC,market_group,Deep,90,deep,227,219,0,219,0,207,12,2,205,0.00966183574879227,0.9903381642512077,0.0026535795413005388,0.03453832186715017,,,0.9452054794520548,0.0,LOW,DIRECTIONAL_ONLY,PROXY-BASED,treatment_initiation
mcrpc,mCRPC,market_group,Scan,30,scan,135,127,0,127,0,127,0,0,127,0.0,1.0,0.0,0.02936069262375269,,,1.0,0.0,LOW,DIRECTIONAL_ONLY,PROXY-BASED,treatment_initiation
mcrpc,mCRPC,market_group,Scan,60,scan,135,127,0,127,0,127,0,0,127,0.0,1.0,0.0,0.02936069262375269,,,1.0,0.0,LOW,DIRECTIONAL_ONLY,PROXY-BASED,treatment_initiation
mcrpc,mCRPC,market_group,Scan,90,scan,135,127,0,127,0,125,2,1,124,0.008,0.992,0.0014135587198986672,0.043925834767918934,,,0.984251968503937,0.0,LOW,DIRECTIONAL_ONLY,PROXY-BASED,treatment_initiation
mcrpc,mCRPC,disease_state,mCRPC,30,mixed,362,346,0,346,0,341,5,2,339,0.005865102639296188,0.9941348973607038,0.0016098652836885469,0.021129850574258983,,,0.9855491329479769,0.0,LOW,DIRECTIONAL_ONLY,PROXY-BASED,treatment_initiation
mcrpc,mCRPC,disease_state,mCRPC,60,mixed,362,346,0,346,0,337,9,2,335,0.005934718100890208,0.9940652818991098,0.001628991241610667,0.021377590114655703,,,0.9739884393063584,0.0,LOW,DIRECTIONAL_ONLY,PROXY-BASED,treatment_initiation
mcrpc,mCRPC,disease_state,mCRPC,90,mixed,362,346,0,346,0,332,14,3,329,0.009036144578313253,0.9909638554216867,0.0030777145017795333,0.026226576568772777,,,0.9595375722543352,0.0,LOW,DIRECTIONAL_ONLY,PROXY-BASED,treatment_initiation
mcrpc,mCRPC,active_surveillance_status,<missing>,30,mixed,362,346,0,346,0,341,5,2,339,0.005865102639296188,0.9941348973607038,0.0016098652836885469,0.021129850574258983,,,0.9855491329479769,0.0,LOW,DIRECTIONAL_ONLY,PROXY-BASED,treatment_initiation
mcrpc,mCRPC,active_surveillance_status,<missing>,60,mixed,362,346,0,346,0,337,9,2,335,0.005934718100890208,0.9940652818991098,0.001628991241610667,0.021377590114655703,,,0.9739884393063584,0.0,LOW,DIRECTIONAL_ONLY,PROXY-BASED,treatment_initiation
mcrpc,mCRPC,active_surveillance_status,<missing>,90,mixed,362,346,0,346,0,332,14,3,329,0.009036144578313253,0.9909638554216867,0.0030777145017795333,0.026226576568772777,,,0.9595375722543352,0.0,LOW,DIRECTIONAL_ONLY,PROXY-BASED,treatment_initiation
mcrpc,mCRPC,care_setting,academic_oncology,30,mixed,77,74,0,74,0,72,2,0,72,0.0,1.0,0.0,0.05065293981139638,,,0.972972972972973,0.0,LOW,DIRECTIONAL_ONLY,PROXY-BASED,treatment_initiation
mcrpc,mCRPC,care_setting,academic_oncology,60,mixed,77,74,0,74,0,70,4,0,70,0.0,1.0,0.0,0.05202487486728348,,,0.9459459459459459,0.0,LOW,DIRECTIONAL_ONLY,PROXY-BASED,treatment_initiation
mcrpc,mCRPC,care_setting,academic_oncology,90,mixed,77,74,0,74,0,69,5,1,68,0.014492753623188406,0.9855072463768116,0.002562858644330375,0.07763307335057362,,,0.9324324324324325,0.0,LOW,DIRECTIONAL_ONLY,PROXY-BASED,treatment_initiation
mcrpc,mCRPC,care_setting,community_oncology,30,deep,31,30,0,30,0,30,0,1,29,0.03333333333333333,0.9666666666666667,0.0059084379948573795,0.16670751396958874,,,1.0,0.0,LOW,DIRECTIONAL_ONLY,PROXY-BASED,treatment_initiation
mcrpc,mCRPC,care_setting,community_oncology,60,deep,31,30,0,30,0,29,1,1,28,0.034482758620689655,0.9655172413793104,0.006113056614032261,0.1717589106470025,,,0.9666666666666667,0.0,LOW,TOO_SMALL,PROXY-BASED,treatment_initiation
mcrpc,mCRPC,care_setting,community_oncology,90,deep,31,30,0,30,0,28,2,1,27,0.03571428571428571,0.9642857142857143,0.00633235649754188,0.17712576118498663,,,0.9333333333333333,0.0,LOW,TOO_SMALL,PROXY-BASED,treatment_initiation
mcrpc,mCRPC,care_setting,community_urology,30,mixed,195,186,0,186,0,183,3,1,182,0.00546448087431694,0.994535519125683,0.0009652423746200223,0.030299743581398343,,,0.9838709677419355,0.0,LOW,DIRECTIONAL_ONLY,PROXY-BASED,treatment_initiation
mcrpc,mCRPC,care_setting,community_urology,60,mixed,195,186,0,186,0,182,4,1,181,0.005494505494505495,0.9945054945054945,0.0009705495119654989,0.030462671037147296,,,0.978494623655914,0.0,LOW,DIRECTIONAL_ONLY,PROXY-BASED,treatment_initiation
mcrpc,mCRPC,care_setting,community_urology,90,mixed,195,186,0,186,0,181,5,1,180,0.0055248618784530384,0.994475138121547,0.0009759153318539288,0.03062736012129081,,,0.9731182795698925,0.0,LOW,DIRECTIONAL_ONLY,PROXY-BASED,treatment_initiation
mcrpc,mCRPC,care_setting,mixed_pathway,30,mixed,59,56,0,56,0,56,0,0,56,0.0,1.0,0.0,0.06419614448811528,,,1.0,0.0,LOW,DIRECTIONAL_ONLY,PROXY-BASED,treatment_initiation
mcrpc,mCRPC,care_setting,mixed_pathway,60,mixed,59,56,0,56,0,56,0,0,56,0.0,1.0,0.0,0.06419614448811528,,,1.0,0.0,LOW,DIRECTIONAL_ONLY,PROXY-BASED,treatment_initiation
mcrpc,mCRPC,care_setting,mixed_pathway,90,mixed,59,56,0,56,0,54,2,0,54,0.0,1.0,6.938893903907228e-18,0.06641586678100189,,,0.9642857142857143,0.0,LOW,DIRECTIONAL_ONLY,PROXY-BASED,treatment_initiation
mcrpc,mCRPC,provider_specialty,urology,30,mixed,362,346,0,346,0,341,5,2,339,0.005865102639296188,0.9941348973607038,0.0016098652836885469,0.021129850574258983,,,0.9855491329479769,0.0,LOW,DIRECTIONAL_ONLY,PROXY-BASED,treatment_initiation
mcrpc,mCRPC,provider_specialty,urology,60,mixed,362,346,0,346,0,337,9,2,335,0.005934718100890208,0.9940652818991098,0.001628991241610667,0.021377590114655703,,,0.9739884393063584,0.0,LOW,DIRECTIONAL_ONLY,PROXY-BASED,treatment_initiation
mcrpc,mCRPC,provider_specialty,urology,90,mixed,362,346,0,346,0,332,14,3,329,0.009036144578313253,0.9909638554216867,0.0030777145017795333,0.026226576568772777,,,0.9595375722543352,0.0,LOW,DIRECTIONAL_ONLY,PROXY-BASED,treatment_initiation
mcrpc,mCRPC,academic_vs_community,academic,30,mixed,77,74,0,74,0,72,2,0,72,0.0,1.0,0.0,0.05065293981139638,,,0.972972972972973,0.0,LOW,DIRECTIONAL_ONLY,PROXY-BASED,treatment_initiation
mcrpc,mCRPC,academic_vs_community,academic,60,mixed,77,74,0,74,0,70,4,0,70,0.0,1.0,0.0,0.05202487486728348,,,0.9459459459459459,0.0,LOW,DIRECTIONAL_ONLY,PROXY-BASED,treatment_initiation
mcrpc,mCRPC,academic_vs_community,academic,90,mixed,77,74,0,74,0,69,5,1,68,0.014492753623188406,0.9855072463768116,0.002562858644330375,0.07763307335057362,,,0.9324324324324325,0.0,LOW,DIRECTIONAL_ONLY,PROXY-BASED,treatment_initiation
mcrpc,mCRPC,academic_vs_community,community,30,mixed,226,216,0,216,0,213,3,2,211,0.009389671361502348,0.9906103286384976,0.002578720677814561,0.03358408203162865,,,0.9861111111111112,0.0,LOW,DIRECTIONAL_ONLY,PROXY-BASED,treatment_initiation
mcrpc,mCRPC,academic_vs_community,community,60,mixed,226,216,0,216,0,211,5,2,209,0.009478672985781991,0.990521327014218,0.0026031998857313013,0.03389624901057184,,,0.9768518518518519,0.0,LOW,DIRECTIONAL_ONLY,PROXY-BASED,treatment_initiation
mcrpc,mCRPC,academic_vs_community,community,90,mixed,226,216,0,216,0,209,7,2,207,0.009569377990430622,0.9904306220095693,0.002628148299936312,0.034214273482271684,,,0.9675925925925926,0.0,LOW,DIRECTIONAL_ONLY,PROXY-BASED,treatment_initiation
mcrpc,mCRPC,academic_vs_community,mixed_or_other,30,mixed,59,56,0,56,0,56,0,0,56,0.0,1.0,0.0,0.06419614448811528,,,1.0,0.0,LOW,DIRECTIONAL_ONLY,PROXY-BASED,treatment_initiation
mcrpc,mCRPC,academic_vs_community,mixed_or_other,60,mixed,59,56,0,56,0,56,0,0,56,0.0,1.0,0.0,0.06419614448811528,,,1.0,0.0,LOW,DIRECTIONAL_ONLY,PROXY-BASED,treatment_initiation
mcrpc,mCRPC,academic_vs_community,mixed_or_other,90,mixed,59,56,0,56,0,54,2,0,54,0.0,1.0,6.938893903907228e-18,0.06641586678100189,,,0.9642857142857143,0.0,LOW,DIRECTIONAL_ONLY,PROXY-BASED,treatment_initiation
mcrpc,mCRPC,age_band,65-74,30,mixed,148,141,0,141,0,138,3,1,137,0.007246376811594203,0.9927536231884058,0.001280277832255268,0.03990369076369965,,,0.9787234042553191,0.0,LOW,DIRECTIONAL_ONLY,PROXY-BASED,treatment_initiation
mcrpc,mCRPC,age_band,65-74,60,mixed,148,141,0,141,0,135,6,1,134,0.007407407407407408,0.9925925925925926,0.0013087545613434844,0.040765090741505236,,,0.9574468085106383,0.0,LOW,DIRECTIONAL_ONLY,PROXY-BASED,treatment_initiation
mcrpc,mCRPC,age_band,65-74,90,mixed,148,141,0,141,0,134,7,1,133,0.007462686567164179,0.9925373134328358,0.0013185304171489005,0.04106054817741181,,,0.950354609929078,0.0,LOW,DIRECTIONAL_ONLY,PROXY-BASED,treatment_initiation
mcrpc,mCRPC,age_band,75-84,30,mixed,93,87,0,87,0,86,1,1,85,0.011627906976744186,0.9883720930232558,0.002055515742405551,0.0629655880669656,,,0.9885057471264368,0.0,LOW,DIRECTIONAL_ONLY,PROXY-BASED,treatment_initiation
mcrpc,mCRPC,age_band,75-84,60,mixed,93,87,0,87,0,85,2,1,84,0.011764705882352941,0.9882352941176471,0.0020797335877093294,0.06367324699796226,,,0.9770114942528736,0.0,LOW,DIRECTIONAL_ONLY,PROXY-BASED,treatment_initiation
mcrpc,mCRPC,age_band,75-84,90,mixed,93,87,0,87,0,84,3,1,83,0.011904761904761904,0.9880952380952381,0.002104528901587875,0.06439699201788535,,,0.9655172413793104,0.0,LOW,DIRECTIONAL_ONLY,PROXY-BASED,treatment_initiation
mcrpc,mCRPC,age_band,85+,30,mixed,15,14,0,14,0,14,0,0,14,0.0,1.0,0.0,0.21531701192718142,,,1.0,0.0,LOW,TOO_SMALL,PROXY-BASED,treatment_initiation
mcrpc,mCRPC,age_band,85+,60,mixed,15,14,0,14,0,14,0,0,14,0.0,1.0,0.0,0.21531701192718142,,,1.0,0.0,LOW,TOO_SMALL,PROXY-BASED,treatment_initiation
mcrpc,mCRPC,age_band,85+,90,mixed,15,14,0,14,0,13,1,0,13,0.0,1.0,0.0,0.22810184305529166,,,0.9285714285714286,0.0,LOW,TOO_SMALL,PROXY-BASED,treatment_initiation
mcrpc,mCRPC,age_band,<65,30,mixed,106,104,0,104,0,103,1,0,103,0.0,1.0,0.0,0.03595603210734395,,,0.9903846153846154,0.0,LOW,DIRECTIONAL_ONLY,PROXY-BASED,treatment_initiation
mcrpc,mCRPC,age_band,<65,60,mixed,106,104,0,104,0,103,1,0,103,0.0,1.0,0.0,0.03595603210734395,,,0.9903846153846154,0.0,LOW,DIRECTIONAL_ONLY,PROXY-BASED,treatment_initiation
mcrpc,mCRPC,age_band,<65,90,mixed,106,104,0,104,0,101,3,1,100,0.009900990099009901,0.9900990099009901,0.001749866201761846,0.05396847460951917,,,0.9711538461538461,0.0,LOW,DIRECTIONAL_ONLY,PROXY-BASED,treatment_initiation
mcrpc,mCRPC,comorbidity_band,0-1,30,mixed,163,158,0,158,0,155,3,1,154,0.0064516129032258064,0.9935483870967742,0.0011397480503407414,0.03563651207295189,,,0.9810126582278481,0.0,LOW,DIRECTIONAL_ONLY,PROXY-BASED,treatment_initiation
mcrpc,mCRPC,comorbidity_band,0-1,60,mixed,163,158,0,158,0,152,6,1,151,0.006578947368421052,0.993421052631579,0.0011622614078393885,0.036321953333282364,,,0.9620253164556962,0.0,LOW,DIRECTIONAL_ONLY,PROXY-BASED,treatment_initiation
mcrpc,mCRPC,comorbidity_band,0-1,90,mixed,163,158,0,158,0,150,8,2,148,0.013333333333333334,0.9866666666666667,0.0036640523882232115,0.047307856380276334,,,0.9493670886075949,0.0,LOW,DIRECTIONAL_ONLY,PROXY-BASED,treatment_initiation
mcrpc,mCRPC,comorbidity_band,2-3,30,mixed,147,140,0,140,0,138,2,0,138,0.0,1.0,0.0,0.027083732840013083,,,0.9857142857142858,0.0,LOW,DIRECTIONAL_ONLY,PROXY-BASED,treatment_initiation
mcrpc,mCRPC,comorbidity_band,2-3,60,mixed,147,140,0,140,0,137,3,0,137,0.0,1.0,0.0,0.027276032081430486,,,0.9785714285714285,0.0,LOW,DIRECTIONAL_ONLY,PROXY-BASED,treatment_initiation
mcrpc,mCRPC,comorbidity_band,2-3,90,mixed,147,140,0,140,0,135,5,0,135,0.0,1.0,1.734723475976807e-18,0.027668940720936668,,,0.9642857142857143,0.0,LOW,DIRECTIONAL_ONLY,PROXY-BASED,treatment_initiation
mcrpc,mCRPC,comorbidity_band,4+,30,mixed,52,48,0,48,0,48,0,1,47,0.020833333333333332,0.9791666666666666,0.003687015979399688,0.10899469137531158,,,1.0,0.0,LOW,DIRECTIONAL_ONLY,PROXY-BASED,treatment_initiation
mcrpc,mCRPC,comorbidity_band,4+,60,mixed,52,48,0,48,0,48,0,1,47,0.020833333333333332,0.9791666666666666,0.003687015979399688,0.10899469137531158,,,1.0,0.0,LOW,DIRECTIONAL_ONLY,PROXY-BASED,treatment_initiation
mcrpc,mCRPC,comorbidity_band,4+,90,mixed,52,48,0,48,0,47,1,1,46,0.02127659574468085,0.9787234042553191,0.003765671010464995,0.11113236524331144,,,0.9791666666666666,0.0,LOW,DIRECTIONAL_ONLY,PROXY-BASED,treatment_initiation
mcrpc,mCRPC,metastatic_site,bone,30,mixed,180,173,0,173,0,171,2,1,170,0.005847953216374269,0.9941520467836258,0.0010330277288595376,0.03237778525843868,,,0.9884393063583815,0.0,LOW,DIRECTIONAL_ONLY,PROXY-BASED,treatment_initiation
mcrpc,mCRPC,metastatic_site,bone,60,mixed,180,173,0,173,0,167,6,1,166,0.005988023952095809,0.9940119760479041,0.001057789254986563,0.033135287840990055,,,0.9653179190751445,0.0,LOW,DIRECTIONAL_ONLY,PROXY-BASED,treatment_initiation
mcrpc,mCRPC,metastatic_site,bone,90,mixed,180,173,0,173,0,164,9,1,163,0.006097560975609756,0.9939024390243902,0.0010771536693771344,0.03372709033210999,,,0.9479768786127167,0.0,LOW,DIRECTIONAL_ONLY,PROXY-BASED,treatment_initiation
mcrpc,mCRPC,metastatic_site,lymph_node,30,mixed,70,69,0,69,0,67,2,1,66,0.014925373134328358,0.9850746268656716,0.002639503757676784,0.0798205197313466,,,0.9710144927536232,0.0,LOW,DIRECTIONAL_ONLY,PROXY-BASED,treatment_initiation
mcrpc,mCRPC,metastatic_site,lymph_node,60,mixed,70,69,0,69,0,67,2,1,66,0.014925373134328358,0.9850746268656716,0.002639503757676784,0.0798205197313466,,,0.9710144927536232,0.0,LOW,DIRECTIONAL_ONLY,PROXY-BASED,treatment_initiation
mcrpc,mCRPC,metastatic_site,lymph_node,90,mixed,70,69,0,69,0,66,3,1,65,0.015151515151515152,0.9848484848484849,0.0026795715344567483,0.08096112398225534,,,0.9565217391304348,0.0,LOW,DIRECTIONAL_ONLY,PROXY-BASED,treatment_initiation
mcrpc,mCRPC,metastatic_site,multiple,30,mixed,61,56,0,56,0,55,1,0,55,0.0,1.0,0.0,0.06528714378942788,,,0.9821428571428571,0.0,LOW,DIRECTIONAL_ONLY,PROXY-BASED,treatment_initiation
mcrpc,mCRPC,metastatic_site,multiple,60,mixed,61,56,0,56,0,55,1,0,55,0.0,1.0,0.0,0.06528714378942788,,,0.9821428571428571,0.0,LOW,DIRECTIONAL_ONLY,PROXY-BASED,treatment_initiation
mcrpc,mCRPC,metastatic_site,multiple,90,mixed,61,56,0,56,0,55,1,0,55,0.0,1.0,0.0,0.06528714378942788,,,0.9821428571428571,0.0,LOW,DIRECTIONAL_ONLY,PROXY-BASED,treatment_initiation
mcrpc,mCRPC,metastatic_site,unknown,30,mixed,12,11,0,11,0,11,0,0,11,0.0,1.0,2.7755575615628914e-17,0.2588400172488141,,,1.0,0.0,LOW,TOO_SMALL,PROXY-BASED,treatment_initiation
mcrpc,mCRPC,metastatic_site,unknown,60,mixed,12,11,0,11,0,11,0,0,11,0.0,1.0,2.7755575615628914e-17,0.2588400172488141,,,1.0,0.0,LOW,TOO_SMALL,PROXY-BASED,treatment_initiation
mcrpc,mCRPC,metastatic_site,unknown,90,mixed,12,11,0,11,0,11,0,0,11,0.0,1.0,2.7755575615628914e-17,0.2588400172488141,,,1.0,0.0,LOW,TOO_SMALL,PROXY-BASED,treatment_initiation
mcrpc,mCRPC,metastatic_site,visceral,30,mixed,39,37,0,37,0,37,0,0,37,0.0,1.0,0.0,0.09406095745514377,,,1.0,0.0,LOW,DIRECTIONAL_ONLY,PROXY-BASED,treatment_initiation
mcrpc,mCRPC,metastatic_site,visceral,60,mixed,39,37,0,37,0,37,0,0,37,0.0,1.0,0.0,0.09406095745514377,,,1.0,0.0,LOW,DIRECTIONAL_ONLY,PROXY-BASED,treatment_initiation
mcrpc,mCRPC,metastatic_site,visceral,90,mixed,39,37,0,37,0,36,1,1,35,0.027777777777777776,0.9722222222222222,0.004920280295569679,0.141700337350308,,,0.972972972972973,0.0,LOW,DIRECTIONAL_ONLY,PROXY-BASED,treatment_initiation
mcrpc,mCRPC,calendar_period,2019-2020,30,mixed,65,64,0,64,0,64,0,0,64,0.0,1.0,0.0,0.056626022971156334,,,1.0,0.0,LOW,DIRECTIONAL_ONLY,PROXY-BASED,treatment_initiation
mcrpc,mCRPC,calendar_period,2019-2020,60,mixed,65,64,0,64,0,64,0,0,64,0.0,1.0,0.0,0.056626022971156334,,,1.0,0.0,LOW,DIRECTIONAL_ONLY,PROXY-BASED,treatment_initiation
mcrpc,mCRPC,calendar_period,2019-2020,90,mixed,65,64,0,64,0,64,0,0,64,0.0,1.0,0.0,0.056626022971156334,,,1.0,0.0,LOW,DIRECTIONAL_ONLY,PROXY-BASED,treatment_initiation
mcrpc,mCRPC,calendar_period,2021-2022,30,mixed,110,104,0,104,0,104,0,0,104,0.0,1.0,0.0,0.03562261687512055,,,1.0,0.0,LOW,DIRECTIONAL_ONLY,PROXY-BASED,treatment_initiation
mcrpc,mCRPC,calendar_period,2021-2022,60,mixed,110,104,0,104,0,104,0,0,104,0.0,1.0,0.0,0.03562261687512055,,,1.0,0.0,LOW,DIRECTIONAL_ONLY,PROXY-BASED,treatment_initiation
mcrpc,mCRPC,calendar_period,2021-2022,90,mixed,110,104,0,104,0,104,0,1,103,0.009615384615384616,0.9903846153846154,0.0016993291044208915,0.05246900667694733,,,1.0,0.0,LOW,DIRECTIONAL_ONLY,PROXY-BASED,treatment_initiation
mcrpc,mCRPC,calendar_period,2023-2024,30,mixed,123,118,0,118,0,117,1,2,115,0.017094017094017096,0.9829059829059829,0.004700284108284717,0.06019127641391957,,,0.9915254237288136,0.0,LOW,DIRECTIONAL_ONLY,PROXY-BASED,treatment_initiation
mcrpc,mCRPC,calendar_period,2023-2024,60,mixed,123,118,0,118,0,117,1,2,115,0.017094017094017096,0.9829059829059829,0.004700284108284717,0.06019127641391957,,,0.9915254237288136,0.0,LOW,DIRECTIONAL_ONLY,PROXY-BASED,treatment_initiation
mcrpc,mCRPC,calendar_period,2023-2024,90,mixed,123,118,0,118,0,117,1,2,115,0.017094017094017096,0.9829059829059829,0.004700284108284717,0.06019127641391957,,,0.9915254237288136,0.0,LOW,DIRECTIONAL_ONLY,PROXY-BASED,treatment_initiation
mcrpc,mCRPC,calendar_period,2025+,30,mixed,64,60,0,60,0,56,4,0,56,0.0,1.0,0.0,0.06419614448811528,,,0.9333333333333333,0.0,LOW,DIRECTIONAL_ONLY,PROXY-BASED,treatment_initiation
mcrpc,mCRPC,calendar_period,2025+,60,mixed,64,60,0,60,0,52,8,0,52,0.0,1.0,0.0,0.06879459041288215,,,0.8666666666666667,0.0,LOW,DIRECTIONAL_ONLY,PROXY-BASED,treatment_initiation
mcrpc,mCRPC,calendar_period,2025+,90,mixed,64,60,0,60,0,47,13,0,47,0.0,1.0,6.938893903907228e-18,0.0755601711983887,,,0.7833333333333333,0.0,LOW,DIRECTIONAL_ONLY,PROXY-BASED,treatment_initiation
mcrpc,mCRPC,prior_treatment_status,no_prior_treatment_observed,30,mixed,241,225,0,225,0,225,0,0,225,0.0,1.0,1.734723475976807e-18,0.016787157579740745,,,1.0,0.0,LOW,DIRECTIONAL_ONLY,PROXY-BASED,treatment_initiation
mcrpc,mCRPC,prior_treatment_status,no_prior_treatment_observed,60,mixed,241,225,0,225,0,225,0,0,225,0.0,1.0,1.734723475976807e-18,0.016787157579740745,,,1.0,0.0,LOW,DIRECTIONAL_ONLY,PROXY-BASED,treatment_initiation
mcrpc,mCRPC,prior_treatment_status,no_prior_treatment_observed,90,mixed,241,225,0,225,0,225,0,0,225,0.0,1.0,1.734723475976807e-18,0.016787157579740745,,,1.0,0.0,LOW,DIRECTIONAL_ONLY,PROXY-BASED,treatment_initiation
mcrpc,mCRPC,prior_treatment_status,prior_treatment_observed,30,mixed,121,121,0,121,0,116,5,2,114,0.017241379310344827,0.9827586206896551,0.004740913854513688,0.06069212442267886,,,0.9586776859504132,0.0,LOW,DIRECTIONAL_ONLY,PROXY-BASED,treatment_initiation
mcrpc,mCRPC,prior_treatment_status,prior_treatment_observed,60,mixed,121,121,0,121,0,112,9,2,110,0.017857142857142856,0.9821428571428571,0.004910708625338288,0.062781726562021,,,0.9256198347107438,0.0,LOW,DIRECTIONAL_ONLY,PROXY-BASED,treatment_initiation
mcrpc,mCRPC,prior_treatment_status,prior_treatment_observed,90,mixed,121,121,0,121,0,107,14,3,104,0.028037383177570093,0.9719626168224299,0.009580293417619429,0.07920947504476293,,,0.8842975206611571,0.0,LOW,DIRECTIONAL_ONLY,PROXY-BASED,treatment_initiation
active_surveillance,Active surveillance uptake,overall,ALL,30,mixed,5055,3367,3367,0,0,3367,0,634,2733,0.18829818829818828,0.8117018117018118,0.1754506382176543,0.20185620408546665,,,1.0,0.0,MEDIUM,DIRECTIONAL_ONLY,PROXY-BASED,active_surveillance_uptake
active_surveillance,Active surveillance uptake,overall,ALL,60,mixed,5055,3367,3367,0,0,3367,0,1738,1629,0.5161865161865162,0.48381348381348377,0.4992975102303802,0.5330386280206728,,,1.0,0.0,MEDIUM,DIRECTIONAL_ONLY,PROXY-BASED,active_surveillance_uptake
active_surveillance,Active surveillance uptake,overall,ALL,90,mixed,5055,3367,3367,0,0,3367,0,1738,1629,0.5161865161865162,0.48381348381348377,0.4992975102303802,0.5330386280206728,,,1.0,0.0,MEDIUM,DIRECTIONAL_ONLY,PROXY-BASED,active_surveillance_uptake
active_surveillance,Active surveillance uptake,market,AU,30,scan,476,311,311,0,0,311,0,68,243,0.21864951768488747,0.7813504823151125,0.1762966053156098,0.2678683334980667,,,1.0,0.0,MEDIUM,DIRECTIONAL_ONLY,PROXY-BASED,active_surveillance_uptake
active_surveillance,Active surveillance uptake,market,AU,60,scan,476,311,311,0,0,311,0,178,133,0.572347266881029,0.427652733118971,0.5168079723264534,0.6261210434071729,,,1.0,0.0,MEDIUM,DIRECTIONAL_ONLY,PROXY-BASED,active_surveillance_uptake
active_surveillance,Active surveillance uptake,market,AU,90,scan,476,311,311,0,0,311,0,178,133,0.572347266881029,0.427652733118971,0.5168079723264534,0.6261210434071729,,,1.0,0.0,MEDIUM,DIRECTIONAL_ONLY,PROXY-BASED,active_surveillance_uptake
active_surveillance,Active surveillance uptake,market,CA,30,scan,477,297,297,0,0,297,0,59,238,0.19865319865319866,0.8013468013468014,0.1572509765125369,0.24775152314176624,,,1.0,0.0,MEDIUM,DIRECTIONAL_ONLY,PROXY-BASED,active_surveillance_uptake
active_surveillance,Active surveillance uptake,market,CA,60,scan,477,297,297,0,0,297,0,172,125,0.5791245791245792,0.42087542087542085,0.5223158774687234,0.6339125164767948,,,1.0,0.0,MEDIUM,DIRECTIONAL_ONLY,PROXY-BASED,active_surveillance_uptake
active_surveillance,Active surveillance uptake,market,CA,90,scan,477,297,297,0,0,297,0,172,125,0.5791245791245792,0.42087542087542085,0.5223158774687234,0.6339125164767948,,,1.0,0.0,MEDIUM,DIRECTIONAL_ONLY,PROXY-BASED,active_surveillance_uptake
active_surveillance,Active surveillance uptake,market,CN,30,scan,429,271,271,0,0,271,0,32,239,0.11808118081180811,0.8819188191881919,0.08489560547313352,0.1619433010097279,,,1.0,0.0,MEDIUM,DIRECTIONAL_ONLY,PROXY-BASED,active_surveillance_uptake
active_surveillance,Active surveillance uptake,market,CN,60,scan,429,271,271,0,0,271,0,86,185,0.3173431734317343,0.6826568265682658,0.2648094567987965,0.3749830636930068,,,1.0,0.0,MEDIUM,DIRECTIONAL_ONLY,PROXY-BASED,active_surveillance_uptake
active_surveillance,Active surveillance uptake,market,CN,90,scan,429,271,271,0,0,271,0,86,185,0.3173431734317343,0.6826568265682658,0.2648094567987965,0.3749830636930068,,,1.0,0.0,MEDIUM,DIRECTIONAL_ONLY,PROXY-BASED,active_surveillance_uptake
active_surveillance,Active surveillance uptake,market,DE,30,deep,955,651,651,0,0,651,0,140,511,0.21505376344086022,0.7849462365591398,0.18521213153623783,0.2482386449568867,,,1.0,0.0,MEDIUM,DIRECTIONAL_ONLY,PROXY-BASED,active_surveillance_uptake
active_surveillance,Active surveillance uptake,market,DE,60,deep,955,651,651,0,0,651,0,380,271,0.5837173579109063,0.4162826420890937,0.545467263937159,0.6209852033465321,,,1.0,0.0,MEDIUM,DIRECTIONAL_ONLY,PROXY-BASED,active_surveillance_uptake
active_surveillance,Active surveillance uptake,market,DE,90,deep,955,651,651,0,0,651,0,380,271,0.5837173579109063,0.4162826420890937,0.545467263937159,0.6209852033465321,,,1.0,0.0,MEDIUM,DIRECTIONAL_ONLY,PROXY-BASED,active_surveillance_uptake
active_surveillance,Active surveillance uptake,market,FR,30,scan,592,386,386,0,0,386,0,82,304,0.21243523316062177,0.7875647668393783,0.17456624778492635,0.25597169377903195,,,1.0,0.0,MEDIUM,DIRECTIONAL_ONLY,PROXY-BASED,active_surveillance_uptake
active_surveillance,Active surveillance uptake,market,FR,60,scan,592,386,386,0,0,386,0,203,183,0.5259067357512953,0.4740932642487047,0.47608314686018127,0.5752197412872099,,,1.0,0.0,MEDIUM,DIRECTIONAL_ONLY,PROXY-BASED,active_surveillance_uptake
active_surveillance,Active surveillance uptake,market,FR,90,scan,592,386,386,0,0,386,0,203,183,0.5259067357512953,0.4740932642487047,0.47608314686018127,0.5752197412872099,,,1.0,0.0,MEDIUM,DIRECTIONAL_ONLY,PROXY-BASED,active_surveillance_uptake
active_surveillance,Active surveillance uptake,market,JP,30,deep,909,628,628,0,0,628,0,118,510,0.18789808917197454,0.8121019108280254,0.15927742443053067,0.2203139161839524,,,1.0,0.0,MEDIUM,DIRECTIONAL_ONLY,PROXY-BASED,active_surveillance_uptake
active_surveillance,Active surveillance uptake,market,JP,60,deep,909,628,628,0,0,628,0,290,338,0.46178343949044587,0.5382165605095541,0.4231419578003123,0.5008896349279917,,,1.0,0.0,MEDIUM,DIRECTIONAL_ONLY,PROXY-BASED,active_surveillance_uptake
active_surveillance,Active surveillance uptake,market,JP,90,deep,909,628,628,0,0,628,0,290,338,0.46178343949044587,0.5382165605095541,0.4231419578003123,0.5008896349279917,,,1.0,0.0,MEDIUM,DIRECTIONAL_ONLY,PROXY-BASED,active_surveillance_uptake
active_surveillance,Active surveillance uptake,market,US,30,deep,1217,823,823,0,0,823,0,135,688,0.16403402187120292,0.8359659781287971,0.1403057607238123,0.19088415521655644,,,1.0,0.0,MEDIUM,DIRECTIONAL_ONLY,PROXY-BASED,active_surveillance_uptake
active_surveillance,Active surveillance uptake,market,US,60,deep,1217,823,823,0,0,823,0,429,394,0.5212636695018226,0.47873633049817743,0.48711436288675963,0.5552153892689131,,,1.0,0.0,MEDIUM,DIRECTIONAL_ONLY,PROXY-BASED,active_surveillance_uptake
active_surveillance,Active surveillance uptake,market,US,90,deep,1217,823,823,0,0,823,0,429,394,0.5212636695018226,0.47873633049817743,0.48711436288675963,0.5552153892689131,,,1.0,0.0,MEDIUM,DIRECTIONAL_ONLY,PROXY-BASED,active_surveillance_uptake
active_surveillance,Active surveillance uptake,market_group,Deep,30,deep,3081,2102,2102,0,0,2102,0,393,1709,0.18696479543292102,0.813035204567079,0.17087362634183967,0.20419807895641257,,,1.0,0.0,MEDIUM,DIRECTIONAL_ONLY,PROXY-BASED,active_surveillance_uptake
active_surveillance,Active surveillance uptake,market_group,Deep,60,deep,3081,2102,2102,0,0,2102,0,1099,1003,0.5228353948620361,0.4771646051379639,0.5014603090177199,0.5441271653678179,,,1.0,0.0,MEDIUM,DIRECTIONAL_ONLY,PROXY-BASED,active_surveillance_uptake
active_surveillance,Active surveillance uptake,market_group,Deep,90,deep,3081,2102,2102,0,0,2102,0,1099,1003,0.5228353948620361,0.4771646051379639,0.5014603090177199,0.5441271653678179,,,1.0,0.0,MEDIUM,DIRECTIONAL_ONLY,PROXY-BASED,active_surveillance_uptake
active_surveillance,Active surveillance uptake,market_group,Scan,30,scan,1974,1265,1265,0,0,1265,0,241,1024,0.19051383399209487,0.8094861660079051,0.16982225407255733,0.2130794414582323,,,1.0,0.0,MEDIUM,DIRECTIONAL_ONLY,PROXY-BASED,active_surveillance_uptake
active_surveillance,Active surveillance uptake,market_group,Scan,60,scan,1974,1265,1265,0,0,1265,0,639,626,0.5051383399209486,0.4948616600790514,0.47761221806954957,0.5326333476496071,,,1.0,0.0,MEDIUM,DIRECTIONAL_ONLY,PROXY-BASED,active_surveillance_uptake
active_surveillance,Active surveillance uptake,market_group,Scan,90,scan,1974,1265,1265,0,0,1265,0,639,626,0.5051383399209486,0.4948616600790514,0.47761221806954957,0.5326333476496071,,,1.0,0.0,MEDIUM,DIRECTIONAL_ONLY,PROXY-BASED,active_surveillance_uptake
active_surveillance,Active surveillance uptake,disease_state,localized,30,mixed,5055,3367,3367,0,0,3367,0,634,2733,0.18829818829818828,0.8117018117018118,0.1754506382176543,0.20185620408546665,,,1.0,0.0,MEDIUM,DIRECTIONAL_ONLY,PROXY-BASED,active_surveillance_uptake
active_surveillance,Active surveillance uptake,disease_state,localized,60,mixed,5055,3367,3367,0,0,3367,0,1738,1629,0.5161865161865162,0.48381348381348377,0.4992975102303802,0.5330386280206728,,,1.0,0.0,MEDIUM,DIRECTIONAL_ONLY,PROXY-BASED,active_surveillance_uptake
active_surveillance,Active surveillance uptake,disease_state,localized,90,mixed,5055,3367,3367,0,0,3367,0,1738,1629,0.5161865161865162,0.48381348381348377,0.4992975102303802,0.5330386280206728,,,1.0,0.0,MEDIUM,DIRECTIONAL_ONLY,PROXY-BASED,active_surveillance_uptake
active_surveillance,Active surveillance uptake,active_surveillance_status,censored,30,mixed,166,166,166,0,0,166,0,55,111,0.3313253012048193,0.6686746987951807,0.26424828186073984,0.4060327329200912,,,1.0,0.0,MEDIUM,DIRECTIONAL_ONLY,PROXY-BASED,active_surveillance_uptake
active_surveillance,Active surveillance uptake,active_surveillance_status,censored,60,mixed,166,166,166,0,0,166,0,166,0,1.0,0.0,0.9773812776139649,0.9999999999999999,,,1.0,0.0,MEDIUM,DIRECTIONAL_ONLY,PROXY-BASED,active_surveillance_uptake
active_surveillance,Active surveillance uptake,active_surveillance_status,censored,90,mixed,166,166,166,0,0,166,0,166,0,1.0,0.0,0.9773812776139649,0.9999999999999999,,,1.0,0.0,MEDIUM,DIRECTIONAL_ONLY,PROXY-BASED,active_surveillance_uptake
active_surveillance,Active surveillance uptake,active_surveillance_status,continued,30,mixed,1107,1107,1107,0,0,1107,0,403,704,0.3640469738030714,0.6359530261969286,0.3362174797407661,0.3928167948128697,,,1.0,0.0,MEDIUM,DIRECTIONAL_ONLY,PROXY-BASED,active_surveillance_uptake
active_surveillance,Active surveillance uptake,active_surveillance_status,continued,60,mixed,1107,1107,1107,0,0,1107,0,1107,0,1.0,0.0,0.9965417211598845,0.9999999999999999,,,1.0,0.0,MEDIUM,DIRECTIONAL_ONLY,PROXY-BASED,active_surveillance_uptake
active_surveillance,Active surveillance uptake,active_surveillance_status,continued,90,mixed,1107,1107,1107,0,0,1107,0,1107,0,1.0,0.0,0.9965417211598845,0.9999999999999999,,,1.0,0.0,MEDIUM,DIRECTIONAL_ONLY,PROXY-BASED,active_surveillance_uptake
active_surveillance,Active surveillance uptake,active_surveillance_status,exited,30,mixed,465,465,465,0,0,465,0,176,289,0.37849462365591396,0.6215053763440861,0.3355758169520167,0.4234046148185428,,,1.0,0.0,MEDIUM,DIRECTIONAL_ONLY,PROXY-BASED,active_surveillance_uptake
active_surveillance,Active surveillance uptake,active_surveillance_status,exited,60,mixed,465,465,465,0,0,465,0,465,0,1.0,0.0,0.9918061878468121,0.9999999999999998,,,1.0,0.0,MEDIUM,DIRECTIONAL_ONLY,PROXY-BASED,active_surveillance_uptake
active_surveillance,Active surveillance uptake,active_surveillance_status,exited,90,mixed,465,465,465,0,0,465,0,465,0,1.0,0.0,0.9918061878468121,0.9999999999999998,,,1.0,0.0,MEDIUM,DIRECTIONAL_ONLY,PROXY-BASED,active_surveillance_uptake
active_surveillance,Active surveillance uptake,active_surveillance_status,not_started,30,mixed,3317,1629,1629,0,0,1629,0,0,1629,0.0,1.0,0.0,0.002352708309244448,,,1.0,0.0,MEDIUM,DIRECTIONAL_ONLY,PROXY-BASED,active_surveillance_uptake
active_surveillance,Active surveillance uptake,active_surveillance_status,not_started,60,mixed,3317,1629,1629,0,0,1629,0,0,1629,0.0,1.0,0.0,0.002352708309244448,,,1.0,0.0,MEDIUM,DIRECTIONAL_ONLY,PROXY-BASED,active_surveillance_uptake
active_surveillance,Active surveillance uptake,active_surveillance_status,not_started,90,mixed,3317,1629,1629,0,0,1629,0,0,1629,0.0,1.0,0.0,0.002352708309244448,,,1.0,0.0,MEDIUM,DIRECTIONAL_ONLY,PROXY-BASED,active_surveillance_uptake
active_surveillance,Active surveillance uptake,care_setting,academic_oncology,30,mixed,951,647,647,0,0,647,0,107,540,0.16537867078825347,0.8346213292117466,0.13874230664452986,0.19596524739012317,,,1.0,0.0,MEDIUM,DIRECTIONAL_ONLY,PROXY-BASED,active_surveillance_uptake
active_surveillance,Active surveillance uptake,care_setting,academic_oncology,60,mixed,951,647,647,0,0,647,0,306,341,0.47295208655332305,0.527047913446677,0.4347537505700248,0.5114697237745777,,,1.0,0.0,MEDIUM,DIRECTIONAL_ONLY,PROXY-BASED,active_surveillance_uptake
active_surveillance,Active surveillance uptake,care_setting,academic_oncology,90,mixed,951,647,647,0,0,647,0,306,341,0.47295208655332305,0.527047913446677,0.4347537505700248,0.5114697237745777,,,1.0,0.0,MEDIUM,DIRECTIONAL_ONLY,PROXY-BASED,active_surveillance_uptake
active_surveillance,Active surveillance uptake,care_setting,community_oncology,30,deep,481,339,339,0,0,339,0,60,279,0.17699115044247787,0.8230088495575221,0.14004816433906936,0.2211728776815023,,,1.0,0.0,MEDIUM,DIRECTIONAL_ONLY,PROXY-BASED,active_surveillance_uptake
active_surveillance,Active surveillance uptake,care_setting,community_oncology,60,deep,481,339,339,0,0,339,0,163,176,0.4808259587020649,0.5191740412979351,0.42815205313417487,0.5339295612323431,,,1.0,0.0,MEDIUM,DIRECTIONAL_ONLY,PROXY-BASED,active_surveillance_uptake
active_surveillance,Active surveillance uptake,care_setting,community_oncology,90,deep,481,339,339,0,0,339,0,163,176,0.4808259587020649,0.5191740412979351,0.42815205313417487,0.5339295612323431,,,1.0,0.0,MEDIUM,DIRECTIONAL_ONLY,PROXY-BASED,active_surveillance_uptake
active_surveillance,Active surveillance uptake,care_setting,community_urology,30,mixed,2712,1794,1794,0,0,1794,0,355,1439,0.1978818283166109,0.8021181716833891,0.1800997737442085,0.21695500572023374,,,1.0,0.0,MEDIUM,DIRECTIONAL_ONLY,PROXY-BASED,active_surveillance_uptake
active_surveillance,Active surveillance uptake,care_setting,community_urology,60,mixed,2712,1794,1794,0,0,1794,0,935,859,0.5211817168338907,0.4788182831661093,0.49804447772479865,0.5442284344160707,,,1.0,0.0,MEDIUM,DIRECTIONAL_ONLY,PROXY-BASED,active_surveillance_uptake
active_surveillance,Active surveillance uptake,care_setting,community_urology,90,mixed,2712,1794,1794,0,0,1794,0,935,859,0.5211817168338907,0.4788182831661093,0.49804447772479865,0.5442284344160707,,,1.0,0.0,MEDIUM,DIRECTIONAL_ONLY,PROXY-BASED,active_surveillance_uptake
active_surveillance,Active surveillance uptake,care_setting,mixed_pathway,30,mixed,911,587,587,0,0,587,0,112,475,0.19080068143100512,0.8091993185689949,0.1610634790190854,0.22455865726921925,,,1.0,0.0,MEDIUM,DIRECTIONAL_ONLY,PROXY-BASED,active_surveillance_uptake
active_surveillance,Active surveillance uptake,care_setting,mixed_pathway,60,mixed,911,587,587,0,0,587,0,334,253,0.5689948892674617,0.43100511073253833,0.5286122426220805,0.6084803385367274,,,1.0,0.0,MEDIUM,DIRECTIONAL_ONLY,PROXY-BASED,active_surveillance_uptake
active_surveillance,Active surveillance uptake,care_setting,mixed_pathway,90,mixed,911,587,587,0,0,587,0,334,253,0.5689948892674617,0.43100511073253833,0.5286122426220805,0.6084803385367274,,,1.0,0.0,MEDIUM,DIRECTIONAL_ONLY,PROXY-BASED,active_surveillance_uptake
active_surveillance,Active surveillance uptake,provider_specialty,urology,30,mixed,5055,3367,3367,0,0,3367,0,634,2733,0.18829818829818828,0.8117018117018118,0.1754506382176543,0.20185620408546665,,,1.0,0.0,MEDIUM,DIRECTIONAL_ONLY,PROXY-BASED,active_surveillance_uptake
active_surveillance,Active surveillance uptake,provider_specialty,urology,60,mixed,5055,3367,3367,0,0,3367,0,1738,1629,0.5161865161865162,0.48381348381348377,0.4992975102303802,0.5330386280206728,,,1.0,0.0,MEDIUM,DIRECTIONAL_ONLY,PROXY-BASED,active_surveillance_uptake
active_surveillance,Active surveillance uptake,provider_specialty,urology,90,mixed,5055,3367,3367,0,0,3367,0,1738,1629,0.5161865161865162,0.48381348381348377,0.4992975102303802,0.5330386280206728,,,1.0,0.0,MEDIUM,DIRECTIONAL_ONLY,PROXY-BASED,active_surveillance_uptake
active_surveillance,Active surveillance uptake,academic_vs_community,academic,30,mixed,951,647,647,0,0,647,0,107,540,0.16537867078825347,0.8346213292117466,0.13874230664452986,0.19596524739012317,,,1.0,0.0,MEDIUM,DIRECTIONAL_ONLY,PROXY-BASED,active_surveillance_uptake
active_surveillance,Active surveillance uptake,academic_vs_community,academic,60,mixed,951,647,647,0,0,647,0,306,341,0.47295208655332305,0.527047913446677,0.4347537505700248,0.5114697237745777,,,1.0,0.0,MEDIUM,DIRECTIONAL_ONLY,PROXY-BASED,active_surveillance_uptake
active_surveillance,Active surveillance uptake,academic_vs_community,academic,90,mixed,951,647,647,0,0,647,0,306,341,0.47295208655332305,0.527047913446677,0.4347537505700248,0.5114697237745777,,,1.0,0.0,MEDIUM,DIRECTIONAL_ONLY,PROXY-BASED,active_surveillance_uptake
active_surveillance,Active surveillance uptake,academic_vs_community,community,30,mixed,3193,2133,2133,0,0,2133,0,415,1718,0.1945616502578528,0.8054383497421472,0.17831704321413355,0.21190448747864216,,,1.0,0.0,MEDIUM,DIRECTIONAL_ONLY,PROXY-BASED,active_surveillance_uptake
active_surveillance,Active surveillance uptake,academic_vs_community,community,60,mixed,3193,2133,2133,0,0,2133,0,1098,1035,0.5147679324894515,0.4852320675105485,0.49355041767070396,0.5359323479212801,,,1.0,0.0,MEDIUM,DIRECTIONAL_ONLY,PROXY-BASED,active_surveillance_uptake
active_surveillance,Active surveillance uptake,academic_vs_community,community,90,mixed,3193,2133,2133,0,0,2133,0,1098,1035,0.5147679324894515,0.4852320675105485,0.49355041767070396,0.5359323479212801,,,1.0,0.0,MEDIUM,DIRECTIONAL_ONLY,PROXY-BASED,active_surveillance_uptake
active_surveillance,Active surveillance uptake,academic_vs_community,mixed_or_other,30,mixed,911,587,587,0,0,587,0,112,475,0.19080068143100512,0.8091993185689949,0.1610634790190854,0.22455865726921925,,,1.0,0.0,MEDIUM,DIRECTIONAL_ONLY,PROXY-BASED,active_surveillance_uptake
active_surveillance,Active surveillance uptake,academic_vs_community,mixed_or_other,60,mixed,911,587,587,0,0,587,0,334,253,0.5689948892674617,0.43100511073253833,0.5286122426220805,0.6084803385367274,,,1.0,0.0,MEDIUM,DIRECTIONAL_ONLY,PROXY-BASED,active_surveillance_uptake
active_surveillance,Active surveillance uptake,academic_vs_community,mixed_or_other,90,mixed,911,587,587,0,0,587,0,334,253,0.5689948892674617,0.43100511073253833,0.5286122426220805,0.6084803385367274,,,1.0,0.0,MEDIUM,DIRECTIONAL_ONLY,PROXY-BASED,active_surveillance_uptake
active_surveillance,Active surveillance uptake,age_band,65-74,30,mixed,2262,1556,1556,0,0,1556,0,285,1271,0.18316195372750643,0.8168380462724936,0.16473082473203363,0.2031537091847436,,,1.0,0.0,MEDIUM,DIRECTIONAL_ONLY,PROXY-BASED,active_surveillance_uptake
active_surveillance,Active surveillance uptake,age_band,65-74,60,mixed,2262,1556,1556,0,0,1556,0,796,760,0.5115681233933161,0.48843187660668386,0.4867328846272295,0.5363463818829083,,,1.0,0.0,MEDIUM,DIRECTIONAL_ONLY,PROXY-BASED,active_surveillance_uptake
active_surveillance,Active surveillance uptake,age_band,65-74,90,mixed,2262,1556,1556,0,0,1556,0,796,760,0.5115681233933161,0.48843187660668386,0.4867328846272295,0.5363463818829083,,,1.0,0.0,MEDIUM,DIRECTIONAL_ONLY,PROXY-BASED,active_surveillance_uptake
active_surveillance,Active surveillance uptake,age_band,75-84,30,mixed,1256,875,875,0,0,875,0,167,708,0.19085714285714286,0.8091428571428572,0.16619165177714024,0.21822528979685907,,,1.0,0.0,MEDIUM,DIRECTIONAL_ONLY,PROXY-BASED,active_surveillance_uptake
active_surveillance,Active surveillance uptake,age_band,75-84,60,mixed,1256,875,875,0,0,875,0,468,407,0.5348571428571428,0.4651428571428572,0.5017272937622622,0.5676822562635898,,,1.0,0.0,MEDIUM,DIRECTIONAL_ONLY,PROXY-BASED,active_surveillance_uptake
active_surveillance,Active surveillance uptake,age_band,75-84,90,mixed,1256,875,875,0,0,875,0,468,407,0.5348571428571428,0.4651428571428572,0.5017272937622622,0.5676822562635898,,,1.0,0.0,MEDIUM,DIRECTIONAL_ONLY,PROXY-BASED,active_surveillance_uptake
active_surveillance,Active surveillance uptake,age_band,85+,30,mixed,169,34,34,0,0,34,0,4,30,0.11764705882352941,0.8823529411764706,0.04671370973436122,0.26621174796298774,,,1.0,0.0,MEDIUM,DIRECTIONAL_ONLY,PROXY-BASED,active_surveillance_uptake
active_surveillance,Active surveillance uptake,age_band,85+,60,mixed,169,34,34,0,0,34,0,16,18,0.47058823529411764,0.5294117647058824,0.31451251633111366,0.6326355957994516,,,1.0,0.0,MEDIUM,DIRECTIONAL_ONLY,PROXY-BASED,active_surveillance_uptake
active_surveillance,Active surveillance uptake,age_band,85+,90,mixed,169,34,34,0,0,34,0,16,18,0.47058823529411764,0.5294117647058824,0.31451251633111366,0.6326355957994516,,,1.0,0.0,MEDIUM,DIRECTIONAL_ONLY,PROXY-BASED,active_surveillance_uptake
active_surveillance,Active surveillance uptake,age_band,<65,30,mixed,1368,902,902,0,0,902,0,178,724,0.1973392461197339,0.8026607538802661,0.17267296999420378,0.22457264115900438,,,1.0,0.0,MEDIUM,DIRECTIONAL_ONLY,PROXY-BASED,active_surveillance_uptake
active_surveillance,Active surveillance uptake,age_band,<65,60,mixed,1368,902,902,0,0,902,0,458,444,0.5077605321507761,0.4922394678492239,0.47517036027331877,0.5402848804663426,,,1.0,0.0,MEDIUM,DIRECTIONAL_ONLY,PROXY-BASED,active_surveillance_uptake
active_surveillance,Active surveillance uptake,age_band,<65,90,mixed,1368,902,902,0,0,902,0,458,444,0.5077605321507761,0.4922394678492239,0.47517036027331877,0.5402848804663426,,,1.0,0.0,MEDIUM,DIRECTIONAL_ONLY,PROXY-BASED,active_surveillance_uptake
active_surveillance,Active surveillance uptake,comorbidity_band,0-1,30,mixed,2440,1636,1636,0,0,1636,0,295,1341,0.18031784841075796,0.8196821515892421,0.1624437983891079,0.199689714994136,,,1.0,0.0,MEDIUM,DIRECTIONAL_ONLY,PROXY-BASED,active_surveillance_uptake
active_surveillance,Active surveillance uptake,comorbidity_band,0-1,60,mixed,2440,1636,1636,0,0,1636,0,843,793,0.5152811735941321,0.48471882640586794,0.49105610955882345,0.5394346402794538,,,1.0,0.0,MEDIUM,DIRECTIONAL_ONLY,PROXY-BASED,active_surveillance_uptake
active_surveillance,Active surveillance uptake,comorbidity_band,0-1,90,mixed,2440,1636,1636,0,0,1636,0,843,793,0.5152811735941321,0.48471882640586794,0.49105610955882345,0.5394346402794538,,,1.0,0.0,MEDIUM,DIRECTIONAL_ONLY,PROXY-BASED,active_surveillance_uptake
active_surveillance,Active surveillance uptake,comorbidity_band,2-3,30,mixed,2064,1375,1375,0,0,1375,0,273,1102,0.19854545454545455,0.8014545454545454,0.17831296162589394,0.22045771660139485,,,1.0,0.0,MEDIUM,DIRECTIONAL_ONLY,PROXY-BASED,active_surveillance_uptake
active_surveillance,Active surveillance uptake,comorbidity_band,2-3,60,mixed,2064,1375,1375,0,0,1375,0,711,664,0.517090909090909,0.48290909090909095,0.49066687912930645,0.5434197048553948,,,1.0,0.0,MEDIUM,DIRECTIONAL_ONLY,PROXY-BASED,active_surveillance_uptake
active_surveillance,Active surveillance uptake,comorbidity_band,2-3,90,mixed,2064,1375,1375,0,0,1375,0,711,664,0.517090909090909,0.48290909090909095,0.49066687912930645,0.5434197048553948,,,1.0,0.0,MEDIUM,DIRECTIONAL_ONLY,PROXY-BASED,active_surveillance_uptake
active_surveillance,Active surveillance uptake,comorbidity_band,4+,30,mixed,551,356,356,0,0,356,0,66,290,0.1853932584269663,0.8146067415730337,0.14845840338399074,0.22904547610076031,,,1.0,0.0,MEDIUM,DIRECTIONAL_ONLY,PROXY-BASED,active_surveillance_uptake
active_surveillance,Active surveillance uptake,comorbidity_band,4+,60,mixed,551,356,356,0,0,356,0,184,172,0.5168539325842697,0.4831460674157303,0.4650411457239424,0.5683068607322318,,,1.0,0.0,MEDIUM,DIRECTIONAL_ONLY,PROXY-BASED,active_surveillance_uptake
active_surveillance,Active surveillance uptake,comorbidity_band,4+,90,mixed,551,356,356,0,0,356,0,184,172,0.5168539325842697,0.4831460674157303,0.4650411457239424,0.5683068607322318,,,1.0,0.0,MEDIUM,DIRECTIONAL_ONLY,PROXY-BASED,active_surveillance_uptake
active_surveillance,Active surveillance uptake,metastatic_site,not_applicable,30,mixed,5055,3367,3367,0,0,3367,0,634,2733,0.18829818829818828,0.8117018117018118,0.1754506382176543,0.20185620408546665,,,1.0,0.0,MEDIUM,DIRECTIONAL_ONLY,PROXY-BASED,active_surveillance_uptake
active_surveillance,Active surveillance uptake,metastatic_site,not_applicable,60,mixed,5055,3367,3367,0,0,3367,0,1738,1629,0.5161865161865162,0.48381348381348377,0.4992975102303802,0.5330386280206728,,,1.0,0.0,MEDIUM,DIRECTIONAL_ONLY,PROXY-BASED,active_surveillance_uptake
active_surveillance,Active surveillance uptake,metastatic_site,not_applicable,90,mixed,5055,3367,3367,0,0,3367,0,1738,1629,0.5161865161865162,0.48381348381348377,0.4992975102303802,0.5330386280206728,,,1.0,0.0,MEDIUM,DIRECTIONAL_ONLY,PROXY-BASED,active_surveillance_uptake
active_surveillance,Active surveillance uptake,calendar_period,2019-2020,30,mixed,1719,1133,1133,0,0,1133,0,198,935,0.17475728155339806,0.8252427184466019,0.1537532906017229,0.19795938423353995,,,1.0,0.0,MEDIUM,DIRECTIONAL_ONLY,PROXY-BASED,active_surveillance_uptake
active_surveillance,Active surveillance uptake,calendar_period,2019-2020,60,mixed,1719,1133,1133,0,0,1133,0,566,567,0.499558693733451,0.5004413062665489,0.47049481012743627,0.5286255598519872,,,1.0,0.0,MEDIUM,DIRECTIONAL_ONLY,PROXY-BASED,active_surveillance_uptake
active_surveillance,Active surveillance uptake,calendar_period,2019-2020,90,mixed,1719,1133,1133,0,0,1133,0,566,567,0.499558693733451,0.5004413062665489,0.47049481012743627,0.5286255598519872,,,1.0,0.0,MEDIUM,DIRECTIONAL_ONLY,PROXY-BASED,active_surveillance_uptake
active_surveillance,Active surveillance uptake,calendar_period,2021-2022,30,mixed,1768,1155,1155,0,0,1155,0,227,928,0.19653679653679654,0.8034632034632034,0.1746410537665681,0.22044452134568196,,,1.0,0.0,MEDIUM,DIRECTIONAL_ONLY,PROXY-BASED,active_surveillance_uptake
active_surveillance,Active surveillance uptake,calendar_period,2021-2022,60,mixed,1768,1155,1155,0,0,1155,0,621,534,0.5376623376623376,0.4623376623376624,0.5088308310521805,0.5662441403675544,,,1.0,0.0,MEDIUM,DIRECTIONAL_ONLY,PROXY-BASED,active_surveillance_uptake
active_surveillance,Active surveillance uptake,calendar_period,2021-2022,90,mixed,1768,1155,1155,0,0,1155,0,621,534,0.5376623376623376,0.4623376623376624,0.5088308310521805,0.5662441403675544,,,1.0,0.0,MEDIUM,DIRECTIONAL_ONLY,PROXY-BASED,active_surveillance_uptake
active_surveillance,Active surveillance uptake,calendar_period,2023-2024,30,mixed,1568,1079,1079,0,0,1079,0,209,870,0.1936978683966636,0.8063021316033364,0.17122063449633454,0.21834844005713658,,,1.0,0.0,MEDIUM,DIRECTIONAL_ONLY,PROXY-BASED,active_surveillance_uptake
active_surveillance,Active surveillance uptake,calendar_period,2023-2024,60,mixed,1568,1079,1079,0,0,1079,0,551,528,0.5106580166821131,0.4893419833178869,0.48084565074152397,0.540394759674921,,,1.0,0.0,MEDIUM,DIRECTIONAL_ONLY,PROXY-BASED,active_surveillance_uptake
active_surveillance,Active surveillance uptake,calendar_period,2023-2024,90,mixed,1568,1079,1079,0,0,1079,0,551,528,0.5106580166821131,0.4893419833178869,0.48084565074152397,0.540394759674921,,,1.0,0.0,MEDIUM,DIRECTIONAL_ONLY,PROXY-BASED,active_surveillance_uptake
active_surveillance,Active surveillance uptake,prior_treatment_status,no_prior_treatment_observed,30,mixed,5055,3367,3367,0,0,3367,0,634,2733,0.18829818829818828,0.8117018117018118,0.1754506382176543,0.20185620408546665,,,1.0,0.0,MEDIUM,DIRECTIONAL_ONLY,PROXY-BASED,active_surveillance_uptake
active_surveillance,Active surveillance uptake,prior_treatment_status,no_prior_treatment_observed,60,mixed,5055,3367,3367,0,0,3367,0,1738,1629,0.5161865161865162,0.48381348381348377,0.4992975102303802,0.5330386280206728,,,1.0,0.0,MEDIUM,DIRECTIONAL_ONLY,PROXY-BASED,active_surveillance_uptake
active_surveillance,Active surveillance uptake,prior_treatment_status,no_prior_treatment_observed,90,mixed,5055,3367,3367,0,0,3367,0,1738,1629,0.5161865161865162,0.48381348381348377,0.4992975102303802,0.5330386280206728,,,1.0,0.0,MEDIUM,DIRECTIONAL_ONLY,PROXY-BASED,active_surveillance_uptake
