pathway,pathway_label,market_code,market_group,market_depth,care_setting,provider_specialty,academic_vs_community,n,eligible_n,eligible_observed_n,eligible_proxy_n,eligibility_uncertain_n,evaluable_eligible_n,censored_before_window_n,initiated_n,eligible_but_not_initiated_n,initiation_rate,treatment_gap,wilson_95_lower,wilson_95_upper,non_intensified_n,non_intensified_rate,follow_up_adequacy,missingness_rate,confidence_category,actionability,conclusion_type,initiation_event_type,feasibility_proxy,feasibility_proxy_definition,data_confidence_score,analytical_priority_score,ranking_basis,business_value_input,business_value_status,pathway_rank
active_surveillance,Active surveillance uptake,US,Deep,deep,community_urology,urology,community,630,416,416,0,0,416,0,223,193,0.5360576923076923,0.4639423076923077,0.48802302607663217,0.5834324942910493,,,1.0,0.0,MEDIUM,DIRECTIONAL_ONLY,PROXY-BASED,active_surveillance_uptake,1.0,follow_up_adequacy * (1 - missingness_rate); analytical feasibility only,0.7,135.1,"eligible-but-not-initiated volume, gap, follow-up/completeness feasibility and data confidence",,NOT COMPUTABLE: no explicit business-value input exists,1
active_surveillance,Active surveillance uptake,FR,Scan,scan,community_urology,urology,community,592,386,386,0,0,386,0,203,183,0.5259067357512953,0.4740932642487047,0.47608314686018127,0.5752197412872099,,,1.0,0.0,MEDIUM,DIRECTIONAL_ONLY,PROXY-BASED,active_surveillance_uptake,1.0,follow_up_adequacy * (1 - missingness_rate); analytical feasibility only,0.7,128.1,"eligible-but-not-initiated volume, gap, follow-up/completeness feasibility and data confidence",,NOT COMPUTABLE: no explicit business-value input exists,2
active_surveillance,Active surveillance uptake,JP,Deep,deep,community_urology,urology,community,474,328,328,0,0,328,0,150,178,0.4573170731707317,0.5426829268292683,0.40420797447311785,0.5114144188615334,,,1.0,0.0,MEDIUM,DIRECTIONAL_ONLY,PROXY-BASED,active_surveillance_uptake,1.0,follow_up_adequacy * (1 - missingness_rate); analytical feasibility only,0.7,124.6,"eligible-but-not-initiated volume, gap, follow-up/completeness feasibility and data confidence",,NOT COMPUTABLE: no explicit business-value input exists,3
active_surveillance,Active surveillance uptake,AU,Scan,scan,community_urology,urology,community,476,311,311,0,0,311,0,178,133,0.572347266881029,0.427652733118971,0.5168079723264534,0.6261210434071729,,,1.0,0.0,MEDIUM,DIRECTIONAL_ONLY,PROXY-BASED,active_surveillance_uptake,1.0,follow_up_adequacy * (1 - missingness_rate); analytical feasibility only,0.7,93.1,"eligible-but-not-initiated volume, gap, follow-up/completeness feasibility and data confidence",,NOT COMPUTABLE: no explicit business-value input exists,4
active_surveillance,Active surveillance uptake,CA,Scan,scan,mixed_pathway,urology,mixed_or_other,477,297,297,0,0,297,0,172,125,0.5791245791245792,0.42087542087542085,0.5223158774687234,0.6339125164767948,,,1.0,0.0,MEDIUM,DIRECTIONAL_ONLY,PROXY-BASED,active_surveillance_uptake,1.0,follow_up_adequacy * (1 - missingness_rate); analytical feasibility only,0.7,87.5,"eligible-but-not-initiated volume, gap, follow-up/completeness feasibility and data confidence",,NOT COMPUTABLE: no explicit business-value input exists,5
active_surveillance,Active surveillance uptake,DE,Deep,deep,academic_oncology,urology,academic,402,285,285,0,0,285,0,161,124,0.5649122807017544,0.43508771929824563,0.5068675666366067,0.6212303250798219,,,1.0,0.0,MEDIUM,DIRECTIONAL_ONLY,PROXY-BASED,active_surveillance_uptake,1.0,follow_up_adequacy * (1 - missingness_rate); analytical feasibility only,0.7,86.8,"eligible-but-not-initiated volume, gap, follow-up/completeness feasibility and data confidence",,NOT COMPUTABLE: no explicit business-value input exists,6
active_surveillance,Active surveillance uptake,JP,Deep,deep,community_oncology,urology,community,330,235,235,0,0,235,0,116,119,0.49361702127659574,0.5063829787234042,0.4303128239668396,0.5571265500785527,,,1.0,0.0,MEDIUM,DIRECTIONAL_ONLY,PROXY-BASED,active_surveillance_uptake,1.0,follow_up_adequacy * (1 - missingness_rate); analytical feasibility only,0.7,83.3,"eligible-but-not-initiated volume, gap, follow-up/completeness feasibility and data confidence",,NOT COMPUTABLE: no explicit business-value input exists,7
active_surveillance,Active surveillance uptake,CN,Scan,scan,academic_oncology,urology,academic,251,161,161,0,0,161,0,51,110,0.3167701863354037,0.6832298136645962,0.24989246350892486,0.39218817632956243,,,1.0,0.0,MEDIUM,DIRECTIONAL_ONLY,PROXY-BASED,active_surveillance_uptake,1.0,follow_up_adequacy * (1 - missingness_rate); analytical feasibility only,0.7,77.0,"eligible-but-not-initiated volume, gap, follow-up/completeness feasibility and data confidence",,NOT COMPUTABLE: no explicit business-value input exists,8
active_surveillance,Active surveillance uptake,DE,Deep,deep,community_urology,urology,community,362,243,243,0,0,243,0,146,97,0.6008230452674898,0.39917695473251025,0.5381391751111033,0.6603686939028717,,,1.0,0.0,MEDIUM,DIRECTIONAL_ONLY,PROXY-BASED,active_surveillance_uptake,1.0,follow_up_adequacy * (1 - missingness_rate); analytical feasibility only,0.7,67.89999999999999,"eligible-but-not-initiated volume, gap, follow-up/completeness feasibility and data confidence",,NOT COMPUTABLE: no explicit business-value input exists,9
active_surveillance,Active surveillance uptake,US,Deep,deep,mixed_pathway,urology,mixed_or_other,243,167,167,0,0,167,0,89,78,0.5329341317365269,0.46706586826347307,0.4573755173630554,0.6070116108305461,,,1.0,0.0,MEDIUM,DIRECTIONAL_ONLY,PROXY-BASED,active_surveillance_uptake,1.0,follow_up_adequacy * (1 - missingness_rate); analytical feasibility only,0.7,54.599999999999994,"eligible-but-not-initiated volume, gap, follow-up/completeness feasibility and data confidence",,NOT COMPUTABLE: no explicit business-value input exists,10
active_surveillance,Active surveillance uptake,CN,Scan,scan,community_urology,urology,community,178,110,110,0,0,110,0,35,75,0.3181818181818182,0.6818181818181819,0.2385362624482021,0.41009833158420783,,,1.0,0.0,MEDIUM,DIRECTIONAL_ONLY,PROXY-BASED,active_surveillance_uptake,1.0,follow_up_adequacy * (1 - missingness_rate); analytical feasibility only,0.7,52.5,"eligible-but-not-initiated volume, gap, follow-up/completeness feasibility and data confidence",,NOT COMPUTABLE: no explicit business-value input exists,11
active_surveillance,Active surveillance uptake,US,Deep,deep,academic_oncology,urology,academic,193,136,136,0,0,136,0,70,66,0.5147058823529411,0.4852941176470589,0.4314647506955499,0.5971390410230802,,,1.0,0.0,MEDIUM,DIRECTIONAL_ONLY,PROXY-BASED,active_surveillance_uptake,1.0,follow_up_adequacy * (1 - missingness_rate); analytical feasibility only,0.7,46.199999999999996,"eligible-but-not-initiated volume, gap, follow-up/completeness feasibility and data confidence",,NOT COMPUTABLE: no explicit business-value input exists,12
active_surveillance,Active surveillance uptake,US,Deep,deep,community_oncology,urology,community,151,104,104,0,0,104,0,47,57,0.4519230769230769,0.5480769230769231,0.35968758127067046,0.5475838241980912,,,1.0,0.0,MEDIUM,DIRECTIONAL_ONLY,PROXY-BASED,active_surveillance_uptake,1.0,follow_up_adequacy * (1 - missingness_rate); analytical feasibility only,0.7,39.9,"eligible-but-not-initiated volume, gap, follow-up/completeness feasibility and data confidence",,NOT COMPUTABLE: no explicit business-value input exists,13
active_surveillance,Active surveillance uptake,DE,Deep,deep,mixed_pathway,urology,mixed_or_other,191,123,123,0,0,123,0,73,50,0.5934959349593496,0.4065040650406504,0.5051369744531611,0.6761915486812049,,,1.0,0.0,MEDIUM,DIRECTIONAL_ONLY,PROXY-BASED,active_surveillance_uptake,1.0,follow_up_adequacy * (1 - missingness_rate); analytical feasibility only,0.7,35.0,"eligible-but-not-initiated volume, gap, follow-up/completeness feasibility and data confidence",,NOT COMPUTABLE: no explicit business-value input exists,14
active_surveillance,Active surveillance uptake,JP,Deep,deep,academic_oncology,urology,academic,105,65,65,0,0,65,0,24,41,0.36923076923076925,0.6307692307692307,0.26229222189067253,0.49076406965397484,,,1.0,0.0,MEDIUM,DIRECTIONAL_ONLY,PROXY-BASED,active_surveillance_uptake,1.0,follow_up_adequacy * (1 - missingness_rate); analytical feasibility only,0.7,28.7,"eligible-but-not-initiated volume, gap, follow-up/completeness feasibility and data confidence",,NOT COMPUTABLE: no explicit business-value input exists,15
mcrpc,mCRPC,US,Deep,deep,community_urology,urology,community,78,73,0,73,0,72,1,1,71,0.013888888888888888,0.9861111111111112,0.002455888640432169,0.07456780284286987,,,0.9863013698630136,0.0,LOW,DIRECTIONAL_ONLY,PROXY-BASED,treatment_initiation,0.9863013698630136,follow_up_adequacy * (1 - missingness_rate); analytical feasibility only,0.35,24.50958904109589,"eligible-but-not-initiated volume, gap, follow-up/completeness feasibility and data confidence",,NOT COMPUTABLE: no explicit business-value input exists,1
mcrpc,mCRPC,CN,Scan,scan,academic_oncology,urology,academic,35,33,0,33,0,33,0,1,32,0.030303030303030304,0.9696969696969697,0.005369272089651725,0.15319061673168066,,,1.0,0.0,LOW,DIRECTIONAL_ONLY,PROXY-BASED,treatment_initiation,1.0,follow_up_adequacy * (1 - missingness_rate); analytical feasibility only,0.35,11.2,"eligible-but-not-initiated volume, gap, follow-up/completeness feasibility and data confidence",,NOT COMPUTABLE: no explicit business-value input exists,2
mcrpc,mCRPC,FR,Scan,scan,community_urology,urology,community,30,28,0,28,0,28,0,0,28,0.0,1.0,0.0,0.12064720365810762,,,1.0,0.0,LOW,TOO_SMALL,PROXY-BASED,treatment_initiation,1.0,follow_up_adequacy * (1 - missingness_rate); analytical feasibility only,0.35,9.799999999999999,"eligible-but-not-initiated volume, gap, follow-up/completeness feasibility and data confidence",,NOT COMPUTABLE: no explicit business-value input exists,3
mcrpc,mCRPC,JP,Deep,deep,community_urology,urology,community,25,25,0,25,0,25,0,0,25,0.0,1.0,0.0,0.13319649395317873,,,1.0,0.0,LOW,TOO_SMALL,PROXY-BASED,treatment_initiation,1.0,follow_up_adequacy * (1 - missingness_rate); analytical feasibility only,0.35,8.75,"eligible-but-not-initiated volume, gap, follow-up/completeness feasibility and data confidence",,NOT COMPUTABLE: no explicit business-value input exists,4
mcrpc,mCRPC,CA,Scan,scan,mixed_pathway,urology,mixed_or_other,28,26,0,26,0,25,1,0,25,0.0,1.0,0.0,0.13319649395317873,,,0.9615384615384616,0.0,LOW,TOO_SMALL,PROXY-BASED,treatment_initiation,0.9615384615384616,follow_up_adequacy * (1 - missingness_rate); analytical feasibility only,0.35,8.413461538461538,"eligible-but-not-initiated volume, gap, follow-up/completeness feasibility and data confidence",,NOT COMPUTABLE: no explicit business-value input exists,5
mcrpc,mCRPC,AU,Scan,scan,community_urology,urology,community,24,22,0,22,0,21,1,0,21,0.0,1.0,0.0,0.15464382326420195,,,0.9545454545454546,0.0,LOW,TOO_SMALL,PROXY-BASED,treatment_initiation,0.9545454545454546,follow_up_adequacy * (1 - missingness_rate); analytical feasibility only,0.35,7.015909090909091,"eligible-but-not-initiated volume, gap, follow-up/completeness feasibility and data confidence",,NOT COMPUTABLE: no explicit business-value input exists,6
mcrpc,mCRPC,CN,Scan,scan,community_urology,urology,community,18,18,0,18,0,18,0,0,18,0.0,1.0,0.0,0.1758845505823749,,,1.0,0.0,LOW,TOO_SMALL,PROXY-BASED,treatment_initiation,1.0,follow_up_adequacy * (1 - missingness_rate); analytical feasibility only,0.35,6.3,"eligible-but-not-initiated volume, gap, follow-up/completeness feasibility and data confidence",,NOT COMPUTABLE: no explicit business-value input exists,7
mcrpc,mCRPC,DE,Deep,deep,academic_oncology,urology,academic,20,20,0,20,0,18,2,0,18,0.0,1.0,0.0,0.1758845505823749,,,0.9,0.0,LOW,TOO_SMALL,PROXY-BASED,treatment_initiation,0.9,follow_up_adequacy * (1 - missingness_rate); analytical feasibility only,0.35,5.669999999999999,"eligible-but-not-initiated volume, gap, follow-up/completeness feasibility and data confidence",,NOT COMPUTABLE: no explicit business-value input exists,8
mcrpc,mCRPC,DE,Deep,deep,mixed_pathway,urology,mixed_or_other,16,15,0,15,0,15,0,0,15,0.0,1.0,0.0,0.20388926630434784,,,1.0,0.0,LOW,TOO_SMALL,PROXY-BASED,treatment_initiation,1.0,follow_up_adequacy * (1 - missingness_rate); analytical feasibility only,0.35,5.25,"eligible-but-not-initiated volume, gap, follow-up/completeness feasibility and data confidence",,NOT COMPUTABLE: no explicit business-value input exists,9
mcrpc,mCRPC,DE,Deep,deep,community_urology,urology,community,20,20,0,20,0,17,3,0,17,0.0,1.0,0.0,0.18432366037156456,,,0.85,0.0,LOW,TOO_SMALL,PROXY-BASED,treatment_initiation,0.85,follow_up_adequacy * (1 - missingness_rate); analytical feasibility only,0.35,5.057499999999999,"eligible-but-not-initiated volume, gap, follow-up/completeness feasibility and data confidence",,NOT COMPUTABLE: no explicit business-value input exists,10
mcrpc,mCRPC,JP,Deep,deep,community_oncology,urology,community,18,18,0,18,0,16,2,0,16,0.0,1.0,0.0,0.19361341827271994,,,0.8888888888888888,0.0,LOW,TOO_SMALL,PROXY-BASED,treatment_initiation,0.8888888888888888,follow_up_adequacy * (1 - missingness_rate); analytical feasibility only,0.35,4.977777777777777,"eligible-but-not-initiated volume, gap, follow-up/completeness feasibility and data confidence",,NOT COMPUTABLE: no explicit business-value input exists,11
mcrpc,mCRPC,US,Deep,deep,mixed_pathway,urology,mixed_or_other,15,15,0,15,0,14,1,0,14,0.0,1.0,0.0,0.21531701192718142,,,0.9333333333333333,0.0,LOW,TOO_SMALL,PROXY-BASED,treatment_initiation,0.9333333333333333,follow_up_adequacy * (1 - missingness_rate); analytical feasibility only,0.35,4.573333333333333,"eligible-but-not-initiated volume, gap, follow-up/completeness feasibility and data confidence",,NOT COMPUTABLE: no explicit business-value input exists,12
mcrpc,mCRPC,US,Deep,deep,community_oncology,urology,community,13,12,0,12,0,12,0,1,11,0.08333333333333333,0.9166666666666666,0.014864709450773478,0.35388592179859524,,,1.0,0.0,LOW,TOO_SMALL,PROXY-BASED,treatment_initiation,1.0,follow_up_adequacy * (1 - missingness_rate); analytical feasibility only,0.35,3.8499999999999996,"eligible-but-not-initiated volume, gap, follow-up/completeness feasibility and data confidence",,NOT COMPUTABLE: no explicit business-value input exists,13
mcrpc,mCRPC,US,Deep,deep,academic_oncology,urology,academic,14,13,0,13,0,11,2,0,11,0.0,1.0,2.7755575615628914e-17,0.2588400172488141,,,0.8461538461538461,0.0,LOW,TOO_SMALL,PROXY-BASED,treatment_initiation,0.8461538461538461,follow_up_adequacy * (1 - missingness_rate); analytical feasibility only,0.35,3.2576923076923077,"eligible-but-not-initiated volume, gap, follow-up/completeness feasibility and data confidence",,NOT COMPUTABLE: no explicit business-value input exists,14
mcrpc,mCRPC,JP,Deep,deep,academic_oncology,urology,academic,8,8,0,8,0,7,1,0,7,0.0,1.0,0.0,0.35433884297520657,,,0.875,0.0,LOW,TOO_SMALL,PROXY-BASED,treatment_initiation,0.875,follow_up_adequacy * (1 - missingness_rate); analytical feasibility only,0.35,2.14375,"eligible-but-not-initiated volume, gap, follow-up/completeness feasibility and data confidence",,NOT COMPUTABLE: no explicit business-value input exists,15
mhspc_mcspc,mHSPC/mCSPC,US,Deep,deep,community_urology,urology,community,370,352,352,0,0,352,0,264,88,0.75,0.25,0.7022288861664626,0.7923732064500274,62.0,0.23484848484848486,1.0,0.0,HIGH,ACTIONABLE_DESCRIPTIVE,DESCRIPTIVE,treatment_initiation,1.0,follow_up_adequacy * (1 - missingness_rate); analytical feasibility only,1.0,88.0,"eligible-but-not-initiated volume, gap, follow-up/completeness feasibility and data confidence",,NOT COMPUTABLE: no explicit business-value input exists,1
mhspc_mcspc,mHSPC/mCSPC,CN,Scan,scan,academic_oncology,urology,academic,214,205,205,0,0,205,0,110,95,0.5365853658536586,0.46341463414634143,0.46827709637560655,0.6035476741681932,26.0,0.23636363636363636,1.0,0.0,MEDIUM,DIRECTIONAL_ONLY,DESCRIPTIVE,treatment_initiation,1.0,follow_up_adequacy * (1 - missingness_rate); analytical feasibility only,0.7,66.5,"eligible-but-not-initiated volume, gap, follow-up/completeness feasibility and data confidence",,NOT COMPUTABLE: no explicit business-value input exists,2
mhspc_mcspc,mHSPC/mCSPC,CN,Scan,scan,community_urology,urology,community,179,174,174,0,0,174,0,96,78,0.5517241379310345,0.4482758620689655,0.4775057515670732,0.6237079127274451,18.0,0.1875,1.0,0.0,MEDIUM,DIRECTIONAL_ONLY,DESCRIPTIVE,treatment_initiation,1.0,follow_up_adequacy * (1 - missingness_rate); analytical feasibility only,0.7,54.599999999999994,"eligible-but-not-initiated volume, gap, follow-up/completeness feasibility and data confidence",,NOT COMPUTABLE: no explicit business-value input exists,3
mhspc_mcspc,mHSPC/mCSPC,CA,Scan,scan,mixed_pathway,urology,mixed_or_other,173,165,165,0,0,165,0,113,52,0.6848484848484848,0.3151515151515152,0.6104399452673452,0.7508454251626908,22.0,0.19469026548672566,1.0,0.0,MEDIUM,DIRECTIONAL_ONLY,DESCRIPTIVE,treatment_initiation,1.0,follow_up_adequacy * (1 - missingness_rate); analytical feasibility only,0.7,36.4,"eligible-but-not-initiated volume, gap, follow-up/completeness feasibility and data confidence",,NOT COMPUTABLE: no explicit business-value input exists,4
mhspc_mcspc,mHSPC/mCSPC,US,Deep,deep,mixed_pathway,urology,mixed_or_other,144,139,139,0,0,139,0,108,31,0.7769784172661871,0.2230215827338129,0.7008577684155342,0.8382008811655404,26.0,0.24074074074074073,1.0,0.0,HIGH,ACTIONABLE_DESCRIPTIVE,DESCRIPTIVE,treatment_initiation,1.0,follow_up_adequacy * (1 - missingness_rate); analytical feasibility only,1.0,31.0,"eligible-but-not-initiated volume, gap, follow-up/completeness feasibility and data confidence",,NOT COMPUTABLE: no explicit business-value input exists,5
mhspc_mcspc,mHSPC/mCSPC,DE,Deep,deep,community_urology,urology,community,156,149,149,0,0,149,0,120,29,0.8053691275167785,0.19463087248322153,0.7344582427401484,0.8609294004145948,26.0,0.21666666666666667,1.0,0.0,HIGH,ACTIONABLE_DESCRIPTIVE,DESCRIPTIVE,treatment_initiation,1.0,follow_up_adequacy * (1 - missingness_rate); analytical feasibility only,1.0,29.0,"eligible-but-not-initiated volume, gap, follow-up/completeness feasibility and data confidence",,NOT COMPUTABLE: no explicit business-value input exists,6
mhspc_mcspc,mHSPC/mCSPC,JP,Deep,deep,community_urology,urology,community,177,175,175,0,0,175,0,147,28,0.84,0.16000000000000003,0.7784719905243899,0.8869212960487564,29.0,0.19727891156462585,1.0,0.0,HIGH,ACTIONABLE_DESCRIPTIVE,DESCRIPTIVE,treatment_initiation,1.0,follow_up_adequacy * (1 - missingness_rate); analytical feasibility only,1.0,28.0,"eligible-but-not-initiated volume, gap, follow-up/completeness feasibility and data confidence",,NOT COMPUTABLE: no explicit business-value input exists,7
mhspc_mcspc,mHSPC/mCSPC,FR,Scan,scan,community_urology,urology,community,232,222,222,0,0,222,0,183,39,0.8243243243243243,0.17567567567567566,0.7688701695419131,0.868744866837567,45.0,0.2459016393442623,1.0,0.0,MEDIUM,DIRECTIONAL_ONLY,DESCRIPTIVE,treatment_initiation,1.0,follow_up_adequacy * (1 - missingness_rate); analytical feasibility only,0.7,27.299999999999997,"eligible-but-not-initiated volume, gap, follow-up/completeness feasibility and data confidence",,NOT COMPUTABLE: no explicit business-value input exists,8
mhspc_mcspc,mHSPC/mCSPC,DE,Deep,deep,academic_oncology,urology,academic,152,150,150,0,0,150,0,123,27,0.82,0.18000000000000005,0.7507753195800668,0.8732431513666732,22.0,0.17886178861788618,1.0,0.0,HIGH,ACTIONABLE_DESCRIPTIVE,DESCRIPTIVE,treatment_initiation,1.0,follow_up_adequacy * (1 - missingness_rate); analytical feasibility only,1.0,27.0,"eligible-but-not-initiated volume, gap, follow-up/completeness feasibility and data confidence",,NOT COMPUTABLE: no explicit business-value input exists,9
mhspc_mcspc,mHSPC/mCSPC,US,Deep,deep,academic_oncology,urology,academic,107,101,101,0,0,101,0,80,21,0.7920792079207921,0.20792079207920788,0.7029607096328665,0.8597930064492993,21.0,0.2625,1.0,0.0,HIGH,ACTIONABLE_DESCRIPTIVE,DESCRIPTIVE,treatment_initiation,1.0,follow_up_adequacy * (1 - missingness_rate); analytical feasibility only,1.0,21.0,"eligible-but-not-initiated volume, gap, follow-up/completeness feasibility and data confidence",,NOT COMPUTABLE: no explicit business-value input exists,10
mhspc_mcspc,mHSPC/mCSPC,JP,Deep,deep,community_oncology,urology,community,120,117,117,0,0,117,0,97,20,0.8290598290598291,0.1709401709401709,0.7506669301682546,0.8865308560245798,22.0,0.2268041237113402,1.0,0.0,HIGH,ACTIONABLE_DESCRIPTIVE,DESCRIPTIVE,treatment_initiation,1.0,follow_up_adequacy * (1 - missingness_rate); analytical feasibility only,1.0,20.0,"eligible-but-not-initiated volume, gap, follow-up/completeness feasibility and data confidence",,NOT COMPUTABLE: no explicit business-value input exists,11
mhspc_mcspc,mHSPC/mCSPC,US,Deep,deep,community_oncology,urology,community,84,83,83,0,0,83,0,59,24,0.7108433734939759,0.28915662650602414,0.6057057654384659,0.7973268825090616,12.0,0.2033898305084746,1.0,0.0,MEDIUM,ACTIONABLE_DESCRIPTIVE,DESCRIPTIVE,treatment_initiation,1.0,follow_up_adequacy * (1 - missingness_rate); analytical feasibility only,0.7,16.799999999999997,"eligible-but-not-initiated volume, gap, follow-up/completeness feasibility and data confidence",,NOT COMPUTABLE: no explicit business-value input exists,12
mhspc_mcspc,mHSPC/mCSPC,AU,Scan,scan,community_urology,urology,community,119,113,113,0,0,113,0,90,23,0.7964601769911505,0.20353982300884954,0.7130582204818585,0.8603676826211459,19.0,0.2111111111111111,1.0,0.0,MEDIUM,DIRECTIONAL_ONLY,DESCRIPTIVE,treatment_initiation,1.0,follow_up_adequacy * (1 - missingness_rate); analytical feasibility only,0.7,16.099999999999998,"eligible-but-not-initiated volume, gap, follow-up/completeness feasibility and data confidence",,NOT COMPUTABLE: no explicit business-value input exists,13
mhspc_mcspc,mHSPC/mCSPC,DE,Deep,deep,mixed_pathway,urology,mixed_or_other,88,86,86,0,0,86,0,66,20,0.7674418604651163,0.2325581395348837,0.6679021685151015,0.8441100841607191,18.0,0.2727272727272727,1.0,0.0,MEDIUM,ACTIONABLE_DESCRIPTIVE,DESCRIPTIVE,treatment_initiation,1.0,follow_up_adequacy * (1 - missingness_rate); analytical feasibility only,0.7,14.0,"eligible-but-not-initiated volume, gap, follow-up/completeness feasibility and data confidence",,NOT COMPUTABLE: no explicit business-value input exists,14
mhspc_mcspc,mHSPC/mCSPC,JP,Deep,deep,academic_oncology,urology,academic,54,50,50,0,0,50,0,44,6,0.88,0.12,0.7619492111337642,0.9438247628937535,11.0,0.25,1.0,0.0,MEDIUM,ACTIONABLE_DESCRIPTIVE,DESCRIPTIVE,treatment_initiation,1.0,follow_up_adequacy * (1 - missingness_rate); analytical feasibility only,0.7,4.199999999999999,"eligible-but-not-initiated volume, gap, follow-up/completeness feasibility and data confidence",,NOT COMPUTABLE: no explicit business-value input exists,15
